condition,targetGroup,path,viewport,run,mainStatus,pass,react418,hydrationErrorCount,otherPageErrorCount,bootstrapLoaded,bootstrapScriptCount,bootstrapRequestCount,adRequestCount,blockedRequestCount,slotCount,slotPushed,slotFailed,slotStatusCount,slotFailedCount,buildId,horizontalOverflow,h1Count,inputCount,ctaCount,mutationCount
CONTROL,primary,/tools/mortgage-loan-calculator,320,1,200,false,1,1,0,true,1,1,25,0,2,true,false,2,0,EH0IyY6JnzVJFzswcpSZ6,false,1,6,5,10
CONTROL,primary,/tools/mortgage-loan-calculator,320,2,200,false,1,1,0,true,1,1,25,0,2,true,false,2,0,EH0IyY6JnzVJFzswcpSZ6,false,1,6,5,10
CONTROL,primary,/tools/mortgage-loan-calculator,320,3,200,false,1,1,0,true,1,1,25,0,2,true,false,2,0,EH0IyY6JnzVJFzswcpSZ6,false,1,6,5,10
CONTROL,primary,/tools/mortgage-loan-calculator,320,4,200,false,1,1,0,true,1,1,51,0,3,true,false,3,0,EH0IyY6JnzVJFzswcpSZ6,false,1,6,5,10
CONTROL,primary,/tools/mortgage-loan-calculator,320,5,200,false,1,1,0,true,1,1,25,0,2,true,false,2,0,EH0IyY6JnzVJFzswcpSZ6,false,1,6,5,10
CONTROL,primary,/tools/mortgage-loan-calculator,320,6,200,true,0,0,0,true,1,1,53,0,4,true,false,4,0,EH0IyY6JnzVJFzswcpSZ6,false,1,6,5,14
CONTROL,primary,/tools/mortgage-loan-calculator,320,7,200,false,1,1,0,true,1,1,25,0,2,true,false,2,0,EH0IyY6JnzVJFzswcpSZ6,false,1,6,5,10
CONTROL,primary,/tools/mortgage-loan-calculator,320,8,200,false,1,1,0,true,1,1,25,0,2,true,false,2,0,EH0IyY6JnzVJFzswcpSZ6,false,1,6,5,10
CONTROL,primary,/tools/mortgage-loan-calculator,320,9,200,true,0,0,0,true,1,1,50,0,3,true,false,3,0,EH0IyY6JnzVJFzswcpSZ6,false,1,6,5,14
CONTROL,primary,/tools/mortgage-loan-calculator,320,10,200,false,1,1,0,true,1,1,25,0,2,true,false,2,0,EH0IyY6JnzVJFzswcpSZ6,false,1,6,5,10
CONTROL,extra,/en/tools/mortgage-loan-calculator,320,1,200,false,1,1,0,true,1,2,66,0,4,true,false,4,0,EH0IyY6JnzVJFzswcpSZ6,false,1,6,5,10
CONTROL,extra,/en/tools/mortgage-loan-calculator,390,1,200,false,1,1,0,true,1,1,25,0,2,true,false,2,0,EH0IyY6JnzVJFzswcpSZ6,false,1,6,5,10
CONTROL,extra,/en/tools/mortgage-loan-calculator,1280,1,200,false,1,1,0,true,1,1,27,0,2,true,false,2,0,EH0IyY6JnzVJFzswcpSZ6,false,1,6,5,18
CONTROL,extra,/tools/compound-interest,320,1,200,true,0,0,0,true,1,2,24,0,2,true,false,2,0,EH0IyY6JnzVJFzswcpSZ6,false,1,10,0,5
CONTROL,extra,/tools/compound-interest,390,1,200,true,0,0,0,true,1,1,25,0,2,true,false,2,0,EH0IyY6JnzVJFzswcpSZ6,false,1,10,0,5
CONTROL,extra,/tools/compound-interest,1280,1,200,true,0,0,0,true,1,1,25,0,2,true,false,2,0,EH0IyY6JnzVJFzswcpSZ6,false,1,10,0,3
CONTROL,extra,/tools/home-buying-budget-calculator,320,1,200,false,1,1,0,true,1,1,72,0,8,true,false,6,0,EH0IyY6JnzVJFzswcpSZ6,false,1,10,8,102
CONTROL,extra,/tools/home-buying-budget-calculator,390,1,200,false,1,1,0,true,1,1,28,0,7,true,false,5,0,EH0IyY6JnzVJFzswcpSZ6,false,1,10,8,94
CONTROL,extra,/tools/home-buying-budget-calculator,1280,1,200,false,1,1,0,true,1,1,28,0,6,true,false,4,0,EH0IyY6JnzVJFzswcpSZ6,false,1,10,8,82
CONTROL,extra,/tools/dsr-ltv-calculator,320,1,200,false,1,1,0,true,1,2,28,0,7,true,false,5,0,EH0IyY6JnzVJFzswcpSZ6,false,1,10,6,89
CONTROL,extra,/tools/dsr-ltv-calculator,390,1,200,false,1,1,0,true,1,1,29,0,7,true,false,5,0,EH0IyY6JnzVJFzswcpSZ6,false,1,10,6,89
CONTROL,extra,/tools/dsr-ltv-calculator,1280,1,200,false,1,1,0,true,1,1,65,0,7,true,false,5,0,EH0IyY6JnzVJFzswcpSZ6,false,1,10,6,75
CONTROL,extra,/posts/personalFinance/what-is-cagr,320,1,200,true,0,0,0,true,1,1,30,0,7,true,false,4,0,EH0IyY6JnzVJFzswcpSZ6,false,1,3,9,31
CONTROL,extra,/posts/personalFinance/what-is-cagr,390,1,200,true,0,0,0,true,1,1,73,0,9,true,false,6,0,EH0IyY6JnzVJFzswcpSZ6,false,1,3,9,31
CONTROL,extra,/posts/personalFinance/what-is-cagr,1280,1,200,true,0,0,0,true,1,1,37,0,7,true,false,4,0,EH0IyY6JnzVJFzswcpSZ6,false,1,3,9,31
BLOCK_BOOTSTRAP_ONLY,primary,/tools/mortgage-loan-calculator,320,1,200,true,0,0,0,true,1,0,0,1,0,false,false,0,0,EH0IyY6JnzVJFzswcpSZ6,false,1,6,5,0
BLOCK_BOOTSTRAP_ONLY,primary,/tools/mortgage-loan-calculator,320,2,200,true,0,0,0,true,1,0,0,1,0,false,false,0,0,EH0IyY6JnzVJFzswcpSZ6,false,1,6,5,0
BLOCK_BOOTSTRAP_ONLY,primary,/tools/mortgage-loan-calculator,320,3,200,true,0,0,0,true,1,0,0,1,0,false,false,0,0,EH0IyY6JnzVJFzswcpSZ6,false,1,6,5,0
BLOCK_BOOTSTRAP_ONLY,primary,/tools/mortgage-loan-calculator,320,4,200,true,0,0,0,true,1,0,0,1,0,false,false,0,0,EH0IyY6JnzVJFzswcpSZ6,false,1,6,5,0
BLOCK_BOOTSTRAP_ONLY,primary,/tools/mortgage-loan-calculator,320,5,200,true,0,0,0,true,1,0,0,1,0,false,false,0,0,EH0IyY6JnzVJFzswcpSZ6,false,1,6,5,0
BLOCK_BOOTSTRAP_ONLY,primary,/tools/mortgage-loan-calculator,320,6,200,true,0,0,0,true,1,0,0,1,0,false,false,0,0,EH0IyY6JnzVJFzswcpSZ6,false,1,6,5,0
BLOCK_BOOTSTRAP_ONLY,primary,/tools/mortgage-loan-calculator,320,7,200,true,0,0,0,true,1,0,0,1,0,false,false,0,0,EH0IyY6JnzVJFzswcpSZ6,false,1,6,5,0
BLOCK_BOOTSTRAP_ONLY,primary,/tools/mortgage-loan-calculator,320,8,200,true,0,0,0,true,1,0,0,1,0,false,false,0,0,EH0IyY6JnzVJFzswcpSZ6,false,1,6,5,0
BLOCK_BOOTSTRAP_ONLY,primary,/tools/mortgage-loan-calculator,320,9,200,true,0,0,0,true,1,0,0,1,0,false,false,0,0,EH0IyY6JnzVJFzswcpSZ6,false,1,6,5,0
BLOCK_BOOTSTRAP_ONLY,primary,/tools/mortgage-loan-calculator,320,10,200,true,0,0,0,true,1,0,0,1,0,false,false,0,0,EH0IyY6JnzVJFzswcpSZ6,false,1,6,5,0
BLOCK_BOOTSTRAP_ONLY,extra,/en/tools/mortgage-loan-calculator,320,1,200,true,0,0,0,true,1,0,0,1,0,false,false,0,0,EH0IyY6JnzVJFzswcpSZ6,false,1,6,5,0
BLOCK_BOOTSTRAP_ONLY,extra,/en/tools/mortgage-loan-calculator,390,1,200,true,0,0,0,true,1,0,0,1,0,false,false,0,0,EH0IyY6JnzVJFzswcpSZ6,false,1,6,5,0
BLOCK_BOOTSTRAP_ONLY,extra,/en/tools/mortgage-loan-calculator,1280,1,200,true,0,0,0,true,1,0,0,1,0,false,false,0,0,EH0IyY6JnzVJFzswcpSZ6,false,1,6,5,0
BLOCK_BOOTSTRAP_ONLY,extra,/tools/compound-interest,320,1,200,true,0,0,0,true,1,0,0,1,0,false,false,0,0,EH0IyY6JnzVJFzswcpSZ6,false,1,10,0,2
BLOCK_BOOTSTRAP_ONLY,extra,/tools/compound-interest,390,1,200,true,0,0,0,true,1,0,0,1,0,false,false,0,0,EH0IyY6JnzVJFzswcpSZ6,false,1,10,0,2
BLOCK_BOOTSTRAP_ONLY,extra,/tools/compound-interest,1280,1,200,true,0,0,0,true,1,0,0,1,0,false,false,0,0,EH0IyY6JnzVJFzswcpSZ6,false,1,10,0,0
BLOCK_BOOTSTRAP_ONLY,extra,/tools/home-buying-budget-calculator,320,1,200,true,0,0,0,true,1,0,0,1,2,false,false,0,0,EH0IyY6JnzVJFzswcpSZ6,false,1,10,8,5
BLOCK_BOOTSTRAP_ONLY,extra,/tools/home-buying-budget-calculator,390,1,200,true,0,0,0,true,1,0,0,1,2,false,false,0,0,EH0IyY6JnzVJFzswcpSZ6,false,1,10,8,5
BLOCK_BOOTSTRAP_ONLY,extra,/tools/home-buying-budget-calculator,1280,1,200,true,0,0,0,true,1,0,0,1,2,false,false,0,0,EH0IyY6JnzVJFzswcpSZ6,false,1,10,8,5
BLOCK_BOOTSTRAP_ONLY,extra,/tools/dsr-ltv-calculator,320,1,200,true,0,0,0,true,1,0,0,1,2,false,false,0,0,EH0IyY6JnzVJFzswcpSZ6,false,1,10,6,0
BLOCK_BOOTSTRAP_ONLY,extra,/tools/dsr-ltv-calculator,390,1,200,true,0,0,0,true,1,0,0,1,2,false,false,0,0,EH0IyY6JnzVJFzswcpSZ6,false,1,10,6,0
BLOCK_BOOTSTRAP_ONLY,extra,/tools/dsr-ltv-calculator,1280,1,200,true,0,0,0,true,1,0,0,1,2,false,false,0,0,EH0IyY6JnzVJFzswcpSZ6,false,1,10,6,0
BLOCK_BOOTSTRAP_ONLY,extra,/posts/personalFinance/what-is-cagr,320,1,200,true,0,0,0,true,1,0,0,1,4,false,true,0,1,EH0IyY6JnzVJFzswcpSZ6,false,1,3,9,13
BLOCK_BOOTSTRAP_ONLY,extra,/posts/personalFinance/what-is-cagr,390,1,200,true,0,0,0,true,1,0,0,1,4,false,true,0,1,EH0IyY6JnzVJFzswcpSZ6,false,1,3,9,13
BLOCK_BOOTSTRAP_ONLY,extra,/posts/personalFinance/what-is-cagr,1280,1,200,true,0,0,0,true,1,0,0,1,4,false,true,0,1,EH0IyY6JnzVJFzswcpSZ6,false,1,3,9,13
ALLOW_BOOTSTRAP_BLOCK_AD_REQUESTS,primary,/tools/mortgage-loan-calculator,320,1,200,false,1,1,0,true,1,1,0,1,1,true,false,1,0,EH0IyY6JnzVJFzswcpSZ6,false,1,6,5,5
ALLOW_BOOTSTRAP_BLOCK_AD_REQUESTS,primary,/tools/mortgage-loan-calculator,320,2,200,false,1,1,0,true,1,1,0,1,1,true,false,1,0,EH0IyY6JnzVJFzswcpSZ6,false,1,6,5,5
ALLOW_BOOTSTRAP_BLOCK_AD_REQUESTS,primary,/tools/mortgage-loan-calculator,320,3,200,false,1,1,0,true,1,1,0,1,1,true,false,1,0,EH0IyY6JnzVJFzswcpSZ6,false,1,6,5,5
ALLOW_BOOTSTRAP_BLOCK_AD_REQUESTS,primary,/tools/mortgage-loan-calculator,320,4,200,false,1,1,0,true,1,1,0,1,1,true,false,1,0,EH0IyY6JnzVJFzswcpSZ6,false,1,6,5,5
ALLOW_BOOTSTRAP_BLOCK_AD_REQUESTS,primary,/tools/mortgage-loan-calculator,320,5,200,false,1,1,0,true,1,1,0,1,1,true,false,1,0,EH0IyY6JnzVJFzswcpSZ6,false,1,6,5,5
ALLOW_BOOTSTRAP_BLOCK_AD_REQUESTS,primary,/tools/mortgage-loan-calculator,320,6,200,true,0,0,0,true,1,1,0,1,2,true,false,2,0,EH0IyY6JnzVJFzswcpSZ6,false,1,6,5,2
ALLOW_BOOTSTRAP_BLOCK_AD_REQUESTS,primary,/tools/mortgage-loan-calculator,320,7,200,false,1,1,0,true,1,1,0,2,1,true,false,1,0,EH0IyY6JnzVJFzswcpSZ6,false,1,6,5,5
ALLOW_BOOTSTRAP_BLOCK_AD_REQUESTS,primary,/tools/mortgage-loan-calculator,320,8,200,false,1,1,0,true,1,1,0,1,1,true,false,1,0,EH0IyY6JnzVJFzswcpSZ6,false,1,6,5,5
ALLOW_BOOTSTRAP_BLOCK_AD_REQUESTS,primary,/tools/mortgage-loan-calculator,320,9,200,false,1,1,0,true,1,1,0,1,1,true,false,1,0,EH0IyY6JnzVJFzswcpSZ6,false,1,6,5,5
ALLOW_BOOTSTRAP_BLOCK_AD_REQUESTS,primary,/tools/mortgage-loan-calculator,320,10,200,false,1,1,0,true,1,1,0,1,1,true,false,1,0,EH0IyY6JnzVJFzswcpSZ6,false,1,6,5,5
ALLOW_BOOTSTRAP_BLOCK_AD_REQUESTS,extra,/en/tools/mortgage-loan-calculator,320,1,200,false,1,1,0,true,1,1,0,1,1,true,false,1,0,EH0IyY6JnzVJFzswcpSZ6,false,1,6,5,5
ALLOW_BOOTSTRAP_BLOCK_AD_REQUESTS,extra,/en/tools/mortgage-loan-calculator,390,1,200,false,1,1,0,true,1,1,0,2,1,true,false,1,0,EH0IyY6JnzVJFzswcpSZ6,false,1,6,5,5
ALLOW_BOOTSTRAP_BLOCK_AD_REQUESTS,extra,/en/tools/mortgage-loan-calculator,1280,1,200,false,1,1,0,true,1,1,0,1,1,true,false,1,0,EH0IyY6JnzVJFzswcpSZ6,false,1,6,5,5
ALLOW_BOOTSTRAP_BLOCK_AD_REQUESTS,extra,/tools/compound-interest,320,1,200,true,0,0,0,true,1,1,0,1,1,true,false,1,0,EH0IyY6JnzVJFzswcpSZ6,false,1,10,0,2
ALLOW_BOOTSTRAP_BLOCK_AD_REQUESTS,extra,/tools/compound-interest,390,1,200,true,0,0,0,true,1,1,0,1,1,true,false,1,0,EH0IyY6JnzVJFzswcpSZ6,false,1,10,0,2
ALLOW_BOOTSTRAP_BLOCK_AD_REQUESTS,extra,/tools/compound-interest,1280,1,200,true,0,0,0,true,1,1,0,1,1,true,false,1,0,EH0IyY6JnzVJFzswcpSZ6,false,1,10,0,0
ALLOW_BOOTSTRAP_BLOCK_AD_REQUESTS,extra,/tools/home-buying-budget-calculator,320,1,200,true,0,0,0,true,1,1,0,1,4,true,false,2,0,EH0IyY6JnzVJFzswcpSZ6,false,1,10,8,7
ALLOW_BOOTSTRAP_BLOCK_AD_REQUESTS,extra,/tools/home-buying-budget-calculator,390,1,200,false,1,1,0,true,1,1,0,1,3,true,false,1,0,EH0IyY6JnzVJFzswcpSZ6,false,1,10,8,10
ALLOW_BOOTSTRAP_BLOCK_AD_REQUESTS,extra,/tools/home-buying-budget-calculator,1280,1,200,true,0,0,0,true,1,1,0,1,4,true,false,2,0,EH0IyY6JnzVJFzswcpSZ6,false,1,10,8,7
ALLOW_BOOTSTRAP_BLOCK_AD_REQUESTS,extra,/tools/dsr-ltv-calculator,320,1,200,false,1,1,0,true,1,1,0,1,3,true,false,1,0,EH0IyY6JnzVJFzswcpSZ6,false,1,10,6,5
ALLOW_BOOTSTRAP_BLOCK_AD_REQUESTS,extra,/tools/dsr-ltv-calculator,390,1,200,false,1,1,0,true,1,1,0,1,3,true,false,1,0,EH0IyY6JnzVJFzswcpSZ6,false,1,10,6,5
ALLOW_BOOTSTRAP_BLOCK_AD_REQUESTS,extra,/tools/dsr-ltv-calculator,1280,1,200,false,1,1,0,true,1,1,0,1,3,true,false,1,0,EH0IyY6JnzVJFzswcpSZ6,false,1,10,6,5
ALLOW_BOOTSTRAP_BLOCK_AD_REQUESTS,extra,/posts/personalFinance/what-is-cagr,320,1,200,true,0,0,0,true,1,1,0,1,5,true,false,2,0,EH0IyY6JnzVJFzswcpSZ6,false,1,3,9,6
ALLOW_BOOTSTRAP_BLOCK_AD_REQUESTS,extra,/posts/personalFinance/what-is-cagr,390,1,200,true,0,0,0,true,1,1,0,1,5,true,false,2,0,EH0IyY6JnzVJFzswcpSZ6,false,1,3,9,6
ALLOW_BOOTSTRAP_BLOCK_AD_REQUESTS,extra,/posts/personalFinance/what-is-cagr,1280,1,200,true,0,0,0,true,1,1,0,1,5,true,false,2,0,EH0IyY6JnzVJFzswcpSZ6,false,1,3,9,6
BLOCK_ALL_AD_DOMAINS,primary,/tools/mortgage-loan-calculator,320,1,200,true,0,0,0,true,1,0,0,1,0,false,false,0,0,EH0IyY6JnzVJFzswcpSZ6,false,1,6,5,0
BLOCK_ALL_AD_DOMAINS,primary,/tools/mortgage-loan-calculator,320,2,200,true,0,0,0,true,1,0,0,1,0,false,false,0,0,EH0IyY6JnzVJFzswcpSZ6,false,1,6,5,0
BLOCK_ALL_AD_DOMAINS,primary,/tools/mortgage-loan-calculator,320,3,200,true,0,0,0,true,1,0,0,1,0,false,false,0,0,EH0IyY6JnzVJFzswcpSZ6,false,1,6,5,0
BLOCK_ALL_AD_DOMAINS,primary,/tools/mortgage-loan-calculator,320,4,200,true,0,0,0,true,1,0,0,1,0,false,false,0,0,EH0IyY6JnzVJFzswcpSZ6,false,1,6,5,0
BLOCK_ALL_AD_DOMAINS,primary,/tools/mortgage-loan-calculator,320,5,200,true,0,0,0,true,1,0,0,1,0,false,false,0,0,EH0IyY6JnzVJFzswcpSZ6,false,1,6,5,0
BLOCK_ALL_AD_DOMAINS,primary,/tools/mortgage-loan-calculator,320,6,200,true,0,0,0,true,1,0,0,1,0,false,false,0,0,EH0IyY6JnzVJFzswcpSZ6,false,1,6,5,0
BLOCK_ALL_AD_DOMAINS,primary,/tools/mortgage-loan-calculator,320,7,200,true,0,0,0,true,1,0,0,1,0,false,false,0,0,EH0IyY6JnzVJFzswcpSZ6,false,1,6,5,0
BLOCK_ALL_AD_DOMAINS,primary,/tools/mortgage-loan-calculator,320,8,200,true,0,0,0,true,1,0,0,1,0,false,false,0,0,EH0IyY6JnzVJFzswcpSZ6,false,1,6,5,0
BLOCK_ALL_AD_DOMAINS,primary,/tools/mortgage-loan-calculator,320,9,200,true,0,0,0,true,1,0,0,1,0,false,false,0,0,EH0IyY6JnzVJFzswcpSZ6,false,1,6,5,0
BLOCK_ALL_AD_DOMAINS,primary,/tools/mortgage-loan-calculator,320,10,200,true,0,0,0,true,1,0,0,1,0,false,false,0,0,EH0IyY6JnzVJFzswcpSZ6,false,1,6,5,0
BLOCK_ALL_AD_DOMAINS,extra,/en/tools/mortgage-loan-calculator,320,1,200,true,0,0,0,true,1,0,0,1,0,false,false,0,0,EH0IyY6JnzVJFzswcpSZ6,false,1,6,5,0
BLOCK_ALL_AD_DOMAINS,extra,/en/tools/mortgage-loan-calculator,390,1,200,true,0,0,0,true,1,0,0,1,0,false,false,0,0,EH0IyY6JnzVJFzswcpSZ6,false,1,6,5,0
BLOCK_ALL_AD_DOMAINS,extra,/en/tools/mortgage-loan-calculator,1280,1,200,true,0,0,0,true,1,0,0,1,0,false,false,0,0,EH0IyY6JnzVJFzswcpSZ6,false,1,6,5,0
BLOCK_ALL_AD_DOMAINS,extra,/tools/compound-interest,320,1,200,true,0,0,0,true,1,0,0,1,0,false,false,0,0,EH0IyY6JnzVJFzswcpSZ6,false,1,10,0,2
BLOCK_ALL_AD_DOMAINS,extra,/tools/compound-interest,390,1,200,true,0,0,0,true,1,0,0,1,0,false,false,0,0,EH0IyY6JnzVJFzswcpSZ6,false,1,10,0,2
BLOCK_ALL_AD_DOMAINS,extra,/tools/compound-interest,1280,1,200,true,0,0,0,true,1,0,0,1,0,false,false,0,0,EH0IyY6JnzVJFzswcpSZ6,false,1,10,0,0
BLOCK_ALL_AD_DOMAINS,extra,/tools/home-buying-budget-calculator,320,1,200,true,0,0,0,true,1,0,0,1,2,false,false,0,0,EH0IyY6JnzVJFzswcpSZ6,false,1,10,8,5
BLOCK_ALL_AD_DOMAINS,extra,/tools/home-buying-budget-calculator,390,1,200,true,0,0,0,true,1,0,0,1,2,false,false,0,0,EH0IyY6JnzVJFzswcpSZ6,false,1,10,8,5
BLOCK_ALL_AD_DOMAINS,extra,/tools/home-buying-budget-calculator,1280,1,200,true,0,0,0,true,1,0,0,1,2,false,false,0,0,EH0IyY6JnzVJFzswcpSZ6,false,1,10,8,5
BLOCK_ALL_AD_DOMAINS,extra,/tools/dsr-ltv-calculator,320,1,200,true,0,0,0,true,1,0,0,1,2,false,false,0,0,EH0IyY6JnzVJFzswcpSZ6,false,1,10,6,0
BLOCK_ALL_AD_DOMAINS,extra,/tools/dsr-ltv-calculator,390,1,200,true,0,0,0,true,1,0,0,1,2,false,false,0,0,EH0IyY6JnzVJFzswcpSZ6,false,1,10,6,0
BLOCK_ALL_AD_DOMAINS,extra,/tools/dsr-ltv-calculator,1280,1,200,true,0,0,0,true,1,0,0,1,2,false,false,0,0,EH0IyY6JnzVJFzswcpSZ6,false,1,10,6,0
BLOCK_ALL_AD_DOMAINS,extra,/posts/personalFinance/what-is-cagr,320,1,200,true,0,0,0,true,1,0,0,1,4,false,true,0,1,EH0IyY6JnzVJFzswcpSZ6,false,1,3,9,13
BLOCK_ALL_AD_DOMAINS,extra,/posts/personalFinance/what-is-cagr,390,1,200,true,0,0,0,true,1,0,0,1,4,false,true,0,1,EH0IyY6JnzVJFzswcpSZ6,false,1,3,9,13
BLOCK_ALL_AD_DOMAINS,extra,/posts/personalFinance/what-is-cagr,1280,1,200,true,0,0,0,true,1,0,0,1,4,false,true,0,1,EH0IyY6JnzVJFzswcpSZ6,false,1,3,9,13
