url,locale,content_type,title,category,tags,last_modified,known_90d_clicks,known_90d_impressions,overlap_group,is_freeze_url,is_naver_top_page,external_link_core_status,search_intent_overlap_with_freeze,classification,allowed_edit_scope,reason
/en/posts/economicInfo/eu-russia-gas-phaseout-price-channel,en,post,"Europe’s Shift Away from Russian Gas: How Contracts, Storage, and Substitution Drive Prices",Economic Info,"[""Europe gas"",""energy"",""storage"",""contracts"",""LNG"",""substitution"",""inflation"",""macro""]",2026-01-27,DATA_REQUIRED,DATA_REQUIRED,macro-market,FALSE,FALSE,DATA_REQUIRED,none_detected,SAFE_REFRESH,non-title refresh / examples / data support only after backlink check,low 90d click/impression footprint
/en/posts/economicInfo/war-theme-investing-price-chain-not-winners,en,post,"The War-Theme Trap: Don’t Chase “Winners”—Read the Price Chain (Costs, Freight, FX, Demand)",Economic Info,"[""geopolitics"",""themes"",""defense"",""commodities"",""shipping"",""FX"",""margins"",""macro""]",2026-01-28,0,1,macro-market,FALSE,FALSE,DATA_REQUIRED,none_detected,SAFE_REFRESH,non-title refresh / examples / data support only after backlink check,low 90d click/impression footprint
/en/posts/personalFinance/emergency-fund-by-risk,en,post,"Your Emergency Fund Isn’t a ‘Months’ Number — It’s a Risk Number (Job, Family, Debt)",Personal Finance,"[""emergency fund"", ""budgeting"", ""cash flow"", ""risk management"", ""household finance"", ""debt"", ""interest rates"", ""financial planning""]",2026-01-14,DATA_REQUIRED,DATA_REQUIRED,real-estate-loan,FALSE,FALSE,DATA_REQUIRED,none_detected,SAFE_REFRESH,non-title refresh / examples / data support only after backlink check,low 90d click/impression footprint
/en/posts/personalFinance/inflation-household-survival-strategy,en,post,"Household Survival in an Inflation Era: Cut Fixed Costs, Control Spending, and Protect Cash Flow",Personal finance,"[""inflation"",""budgeting"",""household finance"",""fixed costs"",""cash flow"",""emergency fund"",""expenses"",""debt"",""interest rates"",""Korea""]",2026-01-10,0,1,macro-market,FALSE,FALSE,DATA_REQUIRED,none_detected,SAFE_REFRESH,non-title refresh / examples / data support only after backlink check,low 90d click/impression footprint
/en/posts/personalFinance/personal-finance-3pillars,en,post,"The Three Pillars of Personal Finance: Budgeting, Emergency Funds, and Long-Term Investing (A Practical Setup Guide)",Personal Finance,"[""budgeting"",""emergency fund"",""long-term investing"",""personal finance"",""cash flow"",""financial planning""]",2025-12-31,0,4,dca-cagr,FALSE,FALSE,DATA_REQUIRED,none_detected,SAFE_REFRESH,non-title refresh / examples / data support only after backlink check,low 90d click/impression footprint
/en/posts/personalFinance/personal-start-5steps,en,post,"First Salary Budget Setup: 5 Steps to Build Cash Flow, Emergency Fund, and Investing Habits",Personal Finance,"[""first salary budget"", ""young professionals"", ""first paycheck"", ""emergency fund"", ""monthly investing"", ""goal planning"", ""personal finance setup""]",2026-06-19,DATA_REQUIRED,DATA_REQUIRED,compound-goal,FALSE,FALSE,DATA_REQUIRED,none_detected,SAFE_REFRESH,non-title refresh / examples / data support only after backlink check,low 90d click/impression footprint
/posts/economicInfo/indicator-basics,ko,post,경제지표 읽는 법: GDP·실업률·PMI를 실제로 쓰는 방법,경제정보,"[""경제지표"",""GDP"",""실업률"",""PMI"",""매크로"",""경기판단""]",2025-12-29,DATA_REQUIRED,DATA_REQUIRED,macro-market,FALSE,FALSE,DATA_REQUIRED,none_detected,SAFE_REFRESH,non-title refresh / examples / data support only after backlink check,low 90d click/impression footprint
/posts/economicInfo/interest-rate-basics,ko,post,interest-rate-basics,,,2026-07-01,0,5,real-estate-loan,FALSE,FALSE,DATA_REQUIRED,none_detected,SAFE_REFRESH,non-title refresh / examples / data support only after backlink check,low 90d click/impression footprint
/posts/economicInfo/tariffs-growth-margins-fx-package-shock,ko,post,tariffs-growth-margins-fx-package-shock,,,2026-06-30,DATA_REQUIRED,DATA_REQUIRED,macro-market,FALSE,FALSE,DATA_REQUIRED,none_detected,SAFE_REFRESH,non-title refresh / examples / data support only after backlink check,low 90d click/impression footprint
/posts/investingInfo/modern-6040-risk-budget,ko,post,modern-6040-risk-budget,,,2026-06-19,DATA_REQUIRED,DATA_REQUIRED,dca-cagr,FALSE,FALSE,DATA_REQUIRED,none_detected,SAFE_REFRESH,non-title refresh / examples / data support only after backlink check,low 90d click/impression footprint
/posts/investingInfo/seoul-gyeonggi-incheon-risk-budget-framework,ko,post,seoul-gyeonggi-incheon-risk-budget-framework,,,2026-06-26,DATA_REQUIRED,DATA_REQUIRED,real-estate-data,FALSE,FALSE,DATA_REQUIRED,none_detected,SAFE_REFRESH,non-title refresh / examples / data support only after backlink check,low 90d click/impression footprint
/posts/personalFinance/inflation-household-survival-strategy,ko,post,"물가 상승 시대의 가계 생존전략: 생활비/고정비 줄이기, 현금흐름 관리(가계부·예산·비상금)",재테크,"[""인플레이션"",""물가상승"",""가계부"",""예산"",""고정비"",""생활비"",""현금흐름"",""비상금"",""부채관리"",""가계생존전략""]",2026-01-10,DATA_REQUIRED,DATA_REQUIRED,macro-market,FALSE,FALSE,DATA_REQUIRED,none_detected,SAFE_REFRESH,non-title refresh / examples / data support only after backlink check,low 90d click/impression footprint
/posts/personalFinance/personal-finance-3pillars,ko,post,가계 재무 3대장: 예산·비상금·장기투자를 먼저 세팅하라,재테크,"[""가계재무"",""예산"",""비상금"",""장기투자"",""현금흐름"",""재테크기초"",""체크리스트""]",2026-07-08,0,2,general,FALSE,FALSE,DATA_REQUIRED,none_detected,SAFE_REFRESH,non-title refresh / examples / data support only after backlink check,low 90d click/impression footprint
/posts/personalFinance/personal-start-5steps,ko,post,사회초년생을 위한 월급 관리 5단계 가이드,재테크,"[""월급관리"", ""사회초년생"", ""예산관리"", ""재테크기초""]",2026-07-08,DATA_REQUIRED,DATA_REQUIRED,compound-goal,FALSE,FALSE,DATA_REQUIRED,none_detected,SAFE_REFRESH,non-title refresh / examples / data support only after backlink check,low 90d click/impression footprint
/en/posts/economicInfo/fx-basics,en,post,Currency Basics: What Really Moves the USD/KRW Exchange Rate,Economic Info,"[""exchange rate"", ""USDKRW"", ""currency basics"", ""interest rates"", ""capital flows"", ""FX market""]",2026-02-23,0,4,real-estate-loan,FALSE,FALSE,DATA_REQUIRED,none_detected,DATA_CONTENT_CANDIDATE,non-title refresh / examples / data support only after backlink check,fits Google data-content backlog
/en/posts/economicInfo/geopolitics-to-usd-liquidity-fx,en,post,"When Geopolitics Turns Into Dollar Strength: Read It as USD Liquidity, Not Just “Fear”",Economic Info,"[""USD"",""DXY"",""liquidity"",""funding stress"",""FX"",""USD/KRW"",""macro""]",2026-01-28,0,3,macro-market,FALSE,FALSE,DATA_REQUIRED,none_detected,DATA_CONTENT_CANDIDATE,non-title refresh / examples / data support only after backlink check,fits Google data-content backlog
/en/posts/economicInfo/gold-geopolitics-real-rates-dollar-uncertainty,en,post,Why Gold Can Rise in Geopolitical Stress: Real Rates + USD + Uncertainty (and When It Doesn’t),Economic Info,"[""gold"",""real rates"",""USD"",""DXY"",""uncertainty"",""hedge"",""macro""]",2026-02-05,DATA_REQUIRED,DATA_REQUIRED,macro-market,FALSE,FALSE,DATA_REQUIRED,none_detected,DATA_CONTENT_CANDIDATE,non-title refresh / examples / data support only after backlink check,fits Google data-content backlog
/en/posts/economicInfo/hormuz-risk-oil-insurance-freight-premium,en,post,"Middle East Oil Shipping Risk, Explained on One Page: Oil Often Reacts to Insurance and Freight Premia Before Any “Blockade”",Economic Info,"[""Hormuz"",""oil"",""risk premium"",""insurance"",""freight"",""inflation"",""USD/KRW"",""macro""]",2026-01-29,0,1,macro-market,FALSE,FALSE,DATA_REQUIRED,none_detected,DATA_CONTENT_CANDIDATE,non-title refresh / examples / data support only after backlink check,fits Google data-content backlog
/en/posts/economicInfo/indicator-basics,en,post,"How to Read Economic Indicators as Market Signals: GDP, PMI, Jobs, Inflation, and Rates",Economic Info,"[""economic indicators"", ""market signals"", ""GDP"", ""PMI"", ""unemployment"", ""inflation"", ""interest rates"", ""Korea market""]",2026-06-19,0,4,macro-market,FALSE,FALSE,DATA_REQUIRED,none_detected,DATA_CONTENT_CANDIDATE,non-title refresh / examples / data support only after backlink check,fits Google data-content backlog
/en/posts/economicInfo/inflation-rate-basics,en,post,How Markets React to Inflation Surprises and Rate Changes,Economic Info,"[""inflation surprise"", ""rate expectations"", ""Treasury yields"", ""real rates"", ""USD/KRW"", ""KOSPI"", ""market reaction"", ""macro data""]",2026-06-19,0,6,macro-market,FALSE,FALSE,DATA_REQUIRED,none_detected,DATA_CONTENT_CANDIDATE,non-title refresh / examples / data support only after backlink check,fits Google data-content backlog
/en/posts/economicInfo/interest-rate-basics,en,post,"How Interest Rates Work: From Policy Rates to Deposits, Loans, and Bonds",Economic Info,"[""interest rates"", ""policy rate"", ""bond yields"", ""deposit rates"", ""loan rates"", ""duration"", ""yield curve"", ""inflation"", ""liquidity"", ""risk premium""]",2026-01-02,0,4,real-estate-loan,FALSE,FALSE,DATA_REQUIRED,none_detected,DATA_CONTENT_CANDIDATE,non-title refresh / examples / data support only after backlink check,fits Google data-content backlog
/en/posts/economicInfo/oil-shock-to-usdkrw-korea-transmission,en,post,"Oil Shocks and USD/KRW: How Trade Balance, Import Inflation, and Flows Drive Korea’s FX",Economic Info,"[""USD/KRW"",""Korea"",""oil shock"",""trade balance"",""import inflation"",""FX"",""flows"",""macro""]",2026-01-29,0,5,macro-market,FALSE,FALSE,DATA_REQUIRED,none_detected,DATA_CONTENT_CANDIDATE,non-title refresh / examples / data support only after backlink check,fits Google data-content backlog
/en/posts/economicInfo/real-rates-and-breakevens,en,post,Real Rates & Breakeven Inflation: The Asset-Pricing Thermometer Most Investors Ignore,Economic Info,"[""Real Rates"", ""TIPS"", ""Breakeven Inflation"", ""Inflation Expectations"", ""Bond Yields"", ""Asset Pricing"", ""Duration"", ""Dollar"", ""USD/KRW"", ""Macro Indicators""]",2026-01-20,1,28,macro-market,FALSE,FALSE,DATA_REQUIRED,none_detected,DATA_CONTENT_CANDIDATE,non-title refresh / examples / data support only after backlink check,fits Google data-content backlog
/en/posts/economicInfo/tariffs-growth-margins-fx-package-shock,en,post,"Tariffs as a Package Shock: Growth, Margins, FX, and Inflation Move Together",Economic Info,"[""tariffs"",""trade"",""growth"",""margins"",""FX"",""inflation"",""macro"",""USD/KRW""]",2026-02-05,0,1,macro-market,FALSE,FALSE,DATA_REQUIRED,none_detected,DATA_CONTENT_CANDIDATE,non-title refresh / examples / data support only after backlink check,fits Google data-content backlog
/en/posts/economicInfo/war-risk-oil-supply-insurance-shipping,en,post,"Why War Headlines Move Oil in Three Steps: Supply, Insurance, and Shipping Risk Premiums",Economic Info,"[""oil"",""WTI"",""geopolitics"",""risk premium"",""freight"",""insurance premium"",""inflation"",""import prices"",""USD/KRW"",""macro""]",2026-01-26,0,4,macro-market,FALSE,FALSE,DATA_REQUIRED,none_detected,DATA_CONTENT_CANDIDATE,non-title refresh / examples / data support only after backlink check,fits Google data-content backlog
/en/posts/economicInfo/yield-curve-2s10s-3m10y-recession-reading,en,post,Why 2s10s and 3m10y Disagree: A Practical Recession-Signal Reading Guide,Economic Info,"[""yield curve"", ""2s10s"", ""3m10y"", ""recession"", ""macro"", ""policy rates"", ""market rates"", ""term premium"", ""credit spreads"", ""financial conditions"", ""DXY"", ""TNX""]",2026-01-16,0,16,macro-market,FALSE,FALSE,DATA_REQUIRED,none_detected,DATA_CONTENT_CANDIDATE,non-title refresh / examples / data support only after backlink check,fits Google data-content backlog
/en/posts/investingInfo/bond-etf-duration-drives-returns,en,post,Bond ETF Mastery: Duration Drives Returns (and Why TNX Sets the Tempo),Investing Info,"[""Bond ETFs"",""Duration"",""TNX"",""Yield Curve"",""Interest Rates"",""Rate Risk"",""Treasury ETFs"",""Rebalancing Rules"",""Portfolio Hedging"",""Term Premium"",""Volatility Control"",""Macro Indicators""]",2026-01-18,0,1,compound-goal,FALSE,FALSE,DATA_REQUIRED,none_detected,DATA_CONTENT_CANDIDATE,non-title refresh / examples / data support only after backlink check,fits Google data-content backlog
/en/posts/investingInfo/dxy-dollar-index-basics,en,post,What Is DXY? How the Dollar Index Affects USD/KRW and KOSPI,Investing Info,"[""DXY"", ""Dollar Index"", ""USD/KRW"", ""KOSPI"", ""Korea market"", ""foreign flows"", ""risk appetite""]",2026-06-19,0,300,macro-market,FALSE,FALSE,DATA_REQUIRED,none_detected,DATA_CONTENT_CANDIDATE,non-title refresh / examples / data support only after backlink check,fits Google data-content backlog
/en/posts/investingInfo/dxy-market-impact,en,post,"How DXY Moves the Market: Impact on U.S. Stocks, USD/KRW, and KOSPI",Investing Info,"[""DXY"", ""dollar index"", ""US interest rates"", ""liquidity"", ""forex""]",2026-02-23,0,4,macro-market,FALSE,FALSE,DATA_REQUIRED,none_detected,DATA_CONTENT_CANDIDATE,non-title refresh / examples / data support only after backlink check,fits Google data-content backlog
/en/posts/investingInfo/etf-impact-of-tnx,en,post,"How U.S. 10Y Yield (TNX) Affects ETFs: Growth, Value, EM, and Korea",Investing Info,"[""TNX"", ""ETF"", ""EmergingMarkets"", ""Yield"", ""EEM"", ""EWY"", ""GrowthETF"", ""ValueETF""]",2025-12-01,1,12,macro-market,FALSE,FALSE,DATA_REQUIRED,none_detected,DATA_CONTENT_CANDIDATE,non-title refresh / examples / data support only after backlink check,fits Google data-content backlog
/en/posts/investingInfo/fx-hedge-vs-fx-exposure-korea-3-conditions,en,post,FX-Hedged vs Unhedged Korea Exposure: 3 Conditions That Change the Right Answer,Investing Info,"[""FX hedging"", ""currency risk"", ""USD/KRW"", ""Korea investing"", ""KOSPI"", ""forward points"", ""carry"", ""risk budget"", ""hedged ETF"", ""unhedged ETF"", ""TNX"", ""DXY""]",2026-01-19,DATA_REQUIRED,DATA_REQUIRED,macro-market,FALSE,FALSE,DATA_REQUIRED,none_detected,DATA_CONTENT_CANDIDATE,non-title refresh / examples / data support only after backlink check,fits Google data-content backlog
/en/posts/investingInfo/indicator-marketinfo,en,post,Global Market Forces That Influence the KOSPI: A Complete Overview,Investing Info,"[""KOSPI"", ""USD/KRW"", ""WTI"", ""U.S. Indices"", ""DXY"", ""10Y Treasury"", ""Stoxx50""]",2026-02-23,0,4,macro-market,FALSE,FALSE,DATA_REQUIRED,none_detected,DATA_CONTENT_CANDIDATE,non-title refresh / examples / data support only after backlink check,fits Google data-content backlog
/en/posts/investingInfo/korea-etf-deep-dive-tnx,en,post,Why Korea ETFs Are the Most Sensitive to TNX: A Deep Structural Analysis,Investing Info,"[""KoreaETF"", ""EWY"", ""KOSPI"", ""TNX"", ""USD"", ""KRW"", ""SemiconductorETF"", ""Macro""]",2025-12-01,0,5,macro-market,FALSE,FALSE,DATA_REQUIRED,none_detected,DATA_CONTENT_CANDIDATE,non-title refresh / examples / data support only after backlink check,fits Google data-content backlog
/en/posts/investingInfo/modern-6040-risk-budget,en,post,"The Modern 60/40: Build a Risk Budget with Stocks, Bonds, Cash, and Gold (or Commodities)",Investing info,"[""Risk budget"", ""Modern 60/40"", ""Asset allocation"", ""Rebalancing"", ""Drawdown"", ""Bonds"", ""Cash"", ""Gold"", ""Commodities"", ""Rules-based investing""]",2026-01-14,0,4,compound-goal,FALSE,FALSE,DATA_REQUIRED,none_detected,DATA_CONTENT_CANDIDATE,non-title refresh / examples / data support only after backlink check,fits Google data-content backlog
/en/posts/investingInfo/sp500-impact-on-korea-kospi,en,post,How the S&P 500 Moves Korea’s Economy and KOSPI: The FX–Rates–Foreign Flow Chain,Investing info,"[""S&P 500"",""KOSPI"",""Korea economy"",""USD/KRW"",""foreign flows"",""U.S. rates"",""TNX"",""DXY"",""risk-on"",""risk-off""]",2026-02-23,0,18,macro-market,FALSE,FALSE,DATA_REQUIRED,none_detected,DATA_CONTENT_CANDIDATE,non-title refresh / examples / data support only after backlink check,fits Google data-content backlog
/en/posts/investingInfo/tnx-basics,en,post,TNX Explained: Why the 10-Year Treasury Yield Drives Markets,Investing Info,"[""TNX"",""10-year yield"",""Treasury yield"",""interest rates"",""macro"",""valuation"",""USD/KRW"",""KOSPI""]",2026-05-18,2,153,macro-market,FALSE,FALSE,DATA_REQUIRED,none_detected,DATA_CONTENT_CANDIDATE,non-title refresh / examples / data support only after backlink check,fits Google data-content backlog
/en/posts/investingInfo/us10y-impact-on-korea-and-stock-market,en,post,"How the U.S. 10-Year Treasury Yield (TNX) Affects the U.S. Economy, Korea, and Global Stock Markets",Investing Info,"[""TNX"", ""US10Y"", ""bond yield"", ""Korea market"", ""liquidity"", ""valuation"", ""USDKRW""]",2025-12-01,DATA_REQUIRED,DATA_REQUIRED,macro-market,FALSE,FALSE,DATA_REQUIRED,none_detected,DATA_CONTENT_CANDIDATE,non-title refresh / examples / data support only after backlink check,fits Google data-content backlog
/en/posts/investingInfo/usd-krw-exchange-rate-and-kospi,en,post,USD/KRW Exchange Rate: What It Means for Korea’s Economy and the KOSPI,Investing Info,"[""USD/KRW"", ""exchange rate"", ""KOSPI"", ""Korea economy"", ""foreign flows"", ""inflation"", ""exporters"", ""import costs"", ""FX hedging""]",2026-02-23,1,25,macro-market,FALSE,FALSE,DATA_REQUIRED,none_detected,DATA_CONTENT_CANDIDATE,non-title refresh / examples / data support only after backlink check,fits Google data-content backlog
/en/posts/investingInfo/usd-krw-weak-won-sector-map-kospi,en,post,Who Wins and Loses When the KRW Weakens? A Sector Map for the KOSPI,Investing Info,"[""USD/KRW"", ""weak won"", ""exchange rate"", ""KOSPI"", ""exporters"", ""importers"", ""sector analysis"", ""foreign flows""]",2026-05-18,1,6,macro-market,FALSE,FALSE,DATA_REQUIRED,none_detected,DATA_CONTENT_CANDIDATE,non-title refresh / examples / data support only after backlink check,fits Google data-content backlog
/en/posts/investingInfo/wti-impact-on-korea-kospi,en,post,"How WTI Oil Shapes Korea’s Economy and KOSPI: Inflation, FX, Rates, and Earnings in One Chain",Investing info,"[""WTI"",""oil price"",""KOSPI"",""Korea economy"",""inflation"",""USD/KRW"",""interest rates"",""DXY"",""corporate margins"",""foreign flows""]",2026-05-18,DATA_REQUIRED,DATA_REQUIRED,macro-market,FALSE,FALSE,DATA_REQUIRED,none_detected,DATA_CONTENT_CANDIDATE,non-title refresh / examples / data support only after backlink check,fits Google data-content backlog
/posts/economicInfo/eu-russia-gas-phaseout-price-channel,ko,post,EU의 러시아 가스 축소가 에너지 가격을 흔드는 방식: 계약·저장·대체의 3요소,경제정보,"[""유럽가스"",""천연가스"",""에너지"",""저장률"",""장기계약"",""LNG"",""대체조달"",""인플레이션"",""제조업"",""유럽경기"",""지정학""]",2026-06-23,DATA_REQUIRED,DATA_REQUIRED,real-estate-loan,FALSE,FALSE,DATA_REQUIRED,none_detected,DATA_CONTENT_CANDIDATE,non-title refresh / examples / data support only after backlink check,fits Google data-content backlog
/posts/economicInfo/fx-basics,ko,post,환율의 기초: 원/달러가 움직이는 진짜 이유,경제정보,"[""환율"", ""원달러"", ""금리"", ""자본이동"", ""외환시장"", ""거시경제""]",2026-02-23,0,1,real-estate-loan,FALSE,FALSE,DATA_REQUIRED,none_detected,DATA_CONTENT_CANDIDATE,non-title refresh / examples / data support only after backlink check,fits Google data-content backlog
/posts/economicInfo/geopolitics-to-usd-liquidity-fx,ko,post,전쟁이 달러 강세로 번역되는 순간: ‘안전자산’이 아니라 ‘달러 유동성’으로 읽기,경제정보,"[""달러"",""DXY"",""달러유동성"",""리스크오프"",""환율"",""원달러"",""헤지수요"",""외국인수급"",""금리"",""스프레드"",""지정학""]",2026-06-19,DATA_REQUIRED,DATA_REQUIRED,macro-market,FALSE,FALSE,DATA_REQUIRED,none_detected,DATA_CONTENT_CANDIDATE,non-title refresh / examples / data support only after backlink check,fits Google data-content backlog
/posts/economicInfo/gold-geopolitics-real-rates-dollar-uncertainty,ko,post,중동 리스크에서 금이 강한 이유: ‘전쟁’이 아니라 실질금리·달러·불확실성의 합,경제정보,"[""금"",""골드"",""실질금리"",""달러"",""DXY"",""불확실성"",""헤지"",""지정학"",""인플레이션"",""금리"",""오해교정""]",2026-02-05,DATA_REQUIRED,DATA_REQUIRED,real-estate-loan,FALSE,FALSE,DATA_REQUIRED,none_detected,DATA_CONTENT_CANDIDATE,non-title refresh / examples / data support only after backlink check,fits Google data-content backlog
/posts/economicInfo/hormuz-risk-oil-insurance-freight-premium,ko,post,중동 원유 수송 리스크 한 장으로 끝내기: 유가는 ‘봉쇄’보다 ‘보험료·운임 프리미엄’에 먼저 반응한다,경제정보,"[""호르무즈해협"",""중동리스크"",""유가"",""보험료"",""운임"",""리스크프리미엄"",""공급충격"",""WTI"",""인플레이션"",""원달러"",""시나리오""]",2026-06-23,DATA_REQUIRED,DATA_REQUIRED,macro-market,FALSE,FALSE,DATA_REQUIRED,none_detected,DATA_CONTENT_CANDIDATE,non-title refresh / examples / data support only after backlink check,fits Google data-content backlog
/posts/economicInfo/oil-shock-to-usdkrw-korea-transmission,ko,post,유가 급등이 원/달러에 미치는 영향: 한국식 전파 경로(무역수지·물가·수급)로 읽기,경제정보,"[""원달러"",""USD/KRW"",""유가"",""무역수지"",""수입물가"",""인플레이션"",""외국인수급"",""리스크오프"",""환율전이"",""시나리오""]",2026-06-23,DATA_REQUIRED,DATA_REQUIRED,real-estate-loan,FALSE,FALSE,DATA_REQUIRED,none_detected,DATA_CONTENT_CANDIDATE,non-title refresh / examples / data support only after backlink check,fits Google data-content backlog
/posts/economicInfo/policy-rate-cut-market-rates,ko,post,“금리 인하”가 와도 안 오를 수 있다: 시장금리 vs 정책금리 분리해서 읽기,경제정보,"[""금리인하"",""기준금리"",""정책금리"",""시장금리"",""국채금리"",""기간프리미엄"",""인플레이션기대"",""스프레드"",""대출금리"",""예금금리""]",2026-02-24,0,1,real-estate-loan,FALSE,FALSE,DATA_REQUIRED,none_detected,DATA_CONTENT_CANDIDATE,non-title refresh / examples / data support only after backlink check,fits Google data-content backlog
/posts/economicInfo/real-rates-and-breakevens,ko,post,실질금리(Real Rate)와 기대인플레이션(Breakeven): 자산가격의 ‘진짜 온도계’,경제정보,"[""실질금리"", ""기대인플레이션"", ""브레이크이븐"", ""명목금리"", ""금리해석"", ""채권"", ""주식밸류에이션"", ""달러"", ""금"", ""거시경제""]",2026-06-23,0,3,real-estate-loan,FALSE,FALSE,DATA_REQUIRED,none_detected,DATA_CONTENT_CANDIDATE,non-title refresh / examples / data support only after backlink check,fits Google data-content backlog
/posts/economicInfo/war-risk-oil-supply-insurance-shipping,ko,post,전쟁 뉴스가 유가를 움직이는 3단계: 공급·보험·운송이 만드는 ‘리스크 프리미엄’,경제정보,"[""유가"",""WTI"",""지정학리스크"",""리스크프리미엄"",""공급충격"",""해운운임"",""보험료"",""인플레이션"",""수입물가"",""원달러"",""무역수지"",""리스크오프"",""에너지""]",2026-06-19,DATA_REQUIRED,DATA_REQUIRED,macro-market,FALSE,FALSE,DATA_REQUIRED,none_detected,DATA_CONTENT_CANDIDATE,non-title refresh / examples / data support only after backlink check,fits Google data-content backlog
/posts/economicInfo/war-theme-investing-price-chain-not-winners,ko,post,전쟁 테마의 함정: ‘수혜주’가 아니라 ‘가격 사슬(원가·운임·환율)’로 읽어야 한다,경제정보,"[""전쟁테마"",""방산"",""원자재"",""해운"",""운임"",""환율"",""마진"",""수요"",""리스크프리미엄"",""오해교정"",""시나리오""]",2026-06-23,DATA_REQUIRED,DATA_REQUIRED,macro-market,FALSE,FALSE,DATA_REQUIRED,none_detected,DATA_CONTENT_CANDIDATE,non-title refresh / examples / data support only after backlink check,fits Google data-content backlog
/posts/economicInfo/yield-curve-2s10s-3m10y-recession-reading,ko,post,"수익률곡선(2y~10y, 3m~10y)은 왜 다르게 말하나: 침체 신호 해석법",경제정보,"[""수익률곡선"", ""2y~10y"", ""3m~10y"", ""침체"", ""경기침체"", ""장단기금리차"", ""기준금리"", ""시장금리"", ""연준"", ""금리기대"", ""텀프리미엄"", ""크레딧스프레드"", ""금융여건"", ""USD/KRW"", ""TNX""]",2026-06-19,DATA_REQUIRED,DATA_REQUIRED,real-estate-loan,FALSE,FALSE,DATA_REQUIRED,none_detected,DATA_CONTENT_CANDIDATE,non-title refresh / examples / data support only after backlink check,fits Google data-content backlog
/posts/investingInfo/dxy-market-impact,ko,post,DXY가 변화하면 시장은 어떻게 움직일까? 미국 증시·환율·코스피까지,투자정보,"[""DXY"", ""달러인덱스"", ""미국금리"", ""환율"", ""유동성""]",2026-02-23,DATA_REQUIRED,DATA_REQUIRED,macro-market,FALSE,FALSE,DATA_REQUIRED,none_detected,DATA_CONTENT_CANDIDATE,non-title refresh / examples / data support only after backlink check,fits Google data-content backlog
/posts/investingInfo/etf-impact-of-tnx,ko,post,미국 10년물 금리(TNX)는 왜 ETF를 뒤흔드는가? 성장·가치·신흥국 ETF까지 모두 설명하는 금리 로직,투자정보,"[""ETF"", ""TNX"", ""미국10년물"", ""금리영향"", ""성장주ETF"", ""가치주ETF"", ""신흥국ETF""]",2025-12-01,DATA_REQUIRED,DATA_REQUIRED,real-estate-loan,FALSE,FALSE,DATA_REQUIRED,none_detected,DATA_CONTENT_CANDIDATE,non-title refresh / examples / data support only after backlink check,fits Google data-content backlog
/posts/investingInfo/fx-hedge-vs-fx-exposure-korea-3-conditions,ko,post,환헤지 vs 환노출: 국내 개인 투자자(원화 기준)에게 ‘정답’이 달라지는 3가지 조건,투자정보,"[""환헤지"", ""환노출"", ""USD/KRW"", ""환율"", ""헤지비용"", ""포워드포인트"", ""금리차"", ""TNX"", ""달러강세"", ""리밸런싱"", ""자산배분"", ""ETF""]",2026-01-19,DATA_REQUIRED,DATA_REQUIRED,real-estate-loan,FALSE,FALSE,DATA_REQUIRED,none_detected,DATA_CONTENT_CANDIDATE,non-title refresh / examples / data support only after backlink check,fits Google data-content backlog
/posts/investingInfo/indicator-marketinfo,ko,post,코스피에 가장 큰 영향을 끼치는 글로벌 시장 환경 총정리,투자정보,"[""코스피"", ""원달러환율"", ""WTI"", ""미국증시"", ""DXY"", ""10년물국채"", ""Stoxx50""]",2025-11-18,0,3,real-estate-loan,FALSE,FALSE,DATA_REQUIRED,none_detected,DATA_CONTENT_CANDIDATE,non-title refresh / examples / data support only after backlink check,fits Google data-content backlog
/posts/investingInfo/korea-etf-deep-dive-tnx,ko,post,왜 한국 ETF는 TNX(미국 10년물 금리)에 가장 민감한가: 구조·환율·유동성 심화 분석,투자정보,"[""한국ETF"", ""EWY"", ""KOSPI"", ""TNX"", ""DXY"", ""KRW"", ""반도체ETF"", ""ETF매크로""]",2025-12-01,DATA_REQUIRED,DATA_REQUIRED,real-estate-loan,FALSE,FALSE,DATA_REQUIRED,none_detected,DATA_CONTENT_CANDIDATE,non-title refresh / examples / data support only after backlink check,fits Google data-content backlog
/posts/investingInfo/sp500-impact-on-korea-kospi,ko,post,미국 증시(S&P500)가 한국 경제·코스피에 미치는 영향: 환율·금리·외국인 수급의 연결고리,투자정보,"[""S&P500"",""미국증시"",""코스피"",""한국경제"",""환율"",""금리"",""외국인수급"",""달러강세"",""리스크온"",""리스크오프""]",2026-06-19,DATA_REQUIRED,DATA_REQUIRED,real-estate-loan,FALSE,FALSE,DATA_REQUIRED,none_detected,DATA_CONTENT_CANDIDATE,non-title refresh / examples / data support only after backlink check,fits Google data-content backlog
/posts/investingInfo/tnx-basics,ko,post,TNX(미국 10년물 국채금리) 완전 이해: 주식·환율·채권을 움직이는 ‘기준 금리’,투자정보,"[""TNX"",""미국10년물"",""국채금리"",""금리"",""채권"",""성장주"",""달러"",""원달러"",""유동성"",""밸류에이션""]",2026-02-23,0,1,real-estate-loan,FALSE,FALSE,DATA_REQUIRED,none_detected,DATA_CONTENT_CANDIDATE,non-title refresh / examples / data support only after backlink check,fits Google data-content backlog
/posts/investingInfo/us10y-impact-on-korea-and-stock-market,ko,post,미국 10년물 국채금리(TNX)가 미국·한국 시장에 미치는 실제 영향,투자정보,"[""TNX"", ""미국10년물"", ""금리영향"", ""유동성"", ""한국증시"", ""환율"", ""매크로""]",2025-12-01,DATA_REQUIRED,DATA_REQUIRED,real-estate-loan,FALSE,FALSE,DATA_REQUIRED,none_detected,DATA_CONTENT_CANDIDATE,non-title refresh / examples / data support only after backlink check,fits Google data-content backlog
/en/posts/economicInfo/geopolitics-oil-fx-dashboard,en,post,From Geopolitics to Korea Housing: The 5-Step Transmission Chain (CPI → Rates → Mortgages → Sentiment → Volume),Economic Info,"[""geopolitics"",""oil"",""FX"",""USD/KRW"",""inflation"",""rates"",""mortgages"",""housing"",""transaction volume"",""price distribution"",""Seoul"",""Gyeonggi"",""Incheon""]",2026-04-14,DATA_REQUIRED,DATA_REQUIRED,real-estate-loan,FALSE,FALSE,DATA_REQUIRED,real-estate-loan,REVIEW_AFTER_28_DAYS,no edit during 28-day freeze,intent overlaps freeze family: real-estate-loan
/en/posts/economicInfo/inflation-basics,en,post,Understanding Inflation and Interest Rates: The Core Framework Every Long-Term Investor Must Know,Economic Info,"[""Inflation"", ""Interest Rates"", ""Macro"", ""Economy"", ""Liquidity"", ""InvestmentBasics""]",2025-12-02,DATA_REQUIRED,DATA_REQUIRED,real-estate-loan,FALSE,FALSE,DATA_REQUIRED,real-estate-loan,REVIEW_AFTER_28_DAYS,no edit during 28-day freeze,intent overlaps freeze family: real-estate-loan
/en/posts/economicInfo/policy-rate-cut-market-rates,en,post,A Rate Cut Doesn’t Guarantee Lower Borrowing Costs: How to Read Policy Rates vs Market Rates,Economic Info,"[""rate cut"",""policy rate"",""market rates"",""bond yields"",""term premium"",""inflation expectations"",""credit spreads"",""mortgage rates"",""Korea"",""TNX""]",2026-02-24,DATA_REQUIRED,DATA_REQUIRED,macro-market,FALSE,FALSE,DATA_REQUIRED,real-estate-loan,REVIEW_AFTER_28_DAYS,no edit during 28-day freeze,intent overlaps freeze family: real-estate-loan
/en/posts/investingInfo/cagr-7percent-reality-check,en,post,What Does a “7% Annual Return” Really Mean? A Reality Check Using CAGR,Investing Info,"[""CAGR"", ""CompoundInterest"", ""S&P500"", ""7percent"", ""InvestingBasics""]",2025-11-29,1,25,compound-goal,FALSE,FALSE,DATA_REQUIRED,CAGR,REVIEW_AFTER_28_DAYS,no edit during 28-day freeze,intent overlaps freeze family: CAGR
/en/posts/investingInfo/dca-consistency-7-fail-patterns,en,post,"DCA Is a Consistency Game, Not a Return Hack: 7 Ways People Fail (and How to Fix Them)",Investing info,"[""DCA"",""dollar cost averaging"",""long-term investing"",""behavioral finance"",""volatility"",""rebalancing"",""CAGR"",""drawdown"",""rules-based investing""]",2026-01-08,0,6,dca-cagr,FALSE,FALSE,DATA_REQUIRED,CAGR,REVIEW_AFTER_28_DAYS,no edit during 28-day freeze,intent overlaps freeze family: CAGR
/en/posts/investingInfo/diagnose-investing-skill-with-cagr,en,post,"Diagnosing Your Investing Skill Using CAGR: Understanding MDD, Volatility, and Sharpe Ratio",Investing Info,"[""CAGR"", ""MDD"", ""Sharpe Ratio"", ""Volatility"", ""Portfolio Analysis""]",2025-11-29,0,6,dca-cagr,FALSE,FALSE,DATA_REQUIRED,CAGR,REVIEW_AFTER_28_DAYS,no edit during 28-day freeze,intent overlaps freeze family: CAGR
/en/posts/investingInfo/rates-discount-mortgage-demand-apt-prices,en,post,"How Rates (Discount Rate) Transmit Into Korea Apartment Prices: Mortgage Rates, Demand, and Sentiment Channels",Investing info,"[""Korea real estate"",""Seoul apartments"",""Gyeonggi"",""Incheon"",""discount rate"",""mortgage rates"",""demand"",""sentiment"",""transaction volume"",""financial conditions"",""spreads"",""rules-based investing""]",2026-01-30,DATA_REQUIRED,DATA_REQUIRED,real-estate-loan,FALSE,FALSE,DATA_REQUIRED,real-estate-loan,REVIEW_AFTER_28_DAYS,no edit during 28-day freeze,intent overlaps freeze family: real-estate-loan
/en/posts/investingInfo/real-estate-role-in-portfolio-risk-budget,en,post,"Real Estate Is a Role, Not a Weight: Korea’s Modern 60/40 Risk Budget (with the Apartment Dashboard)",Investing Info,"[""portfolio"", ""risk budget"", ""modern 60/40"", ""Korea real estate"", ""asset allocation"", ""liquidity"", ""drawdown"", ""USD/KRW"", ""rates"", ""rebalancing""]",2026-02-03,DATA_REQUIRED,DATA_REQUIRED,real-estate-loan,FALSE,FALSE,DATA_REQUIRED,real-estate-loan,REVIEW_AFTER_28_DAYS,no edit during 28-day freeze,intent overlaps freeze family: real-estate-loan
/en/posts/investingInfo/seoul-gyeonggi-incheon-risk-budget-framework,en,post,"Seoul vs Gyeonggi vs Incheon as a Risk-Budget Problem: Volatility, Liquidity, Recovery Resilience",Investing Info,"[""Korea real estate"",""Seoul"",""Gyeonggi"",""Incheon"",""risk budget"",""volatility"",""liquidity"",""recovery resilience"",""transaction volume"",""downside defense"",""dashboard""]",2026-02-03,DATA_REQUIRED,DATA_REQUIRED,real-estate-data,FALSE,FALSE,DATA_REQUIRED,real-estate-loan,REVIEW_AFTER_28_DAYS,no edit during 28-day freeze,intent overlaps freeze family: real-estate-loan
/en/posts/investingInfo/why-check-cagr-etf,en,post,Why You Must Check the CAGR When Choosing ETFs and Funds,Investing Info,"[""CAGR"", ""ETF Selection"", ""Fund Comparison"", ""Long-term Investing"", ""Annualized Return""]",2025-11-29,1,13,dca-cagr,FALSE,FALSE,DATA_REQUIRED,CAGR,REVIEW_AFTER_28_DAYS,no edit during 28-day freeze,intent overlaps freeze family: CAGR
/en/posts/personalFinance/annual-vs-monthly-compound,en,post,Annual vs Monthly Compounding: Which Grows Faster?,Personal Finance,"[""compound interest"", ""monthly compounding"", ""annual compounding"", ""compound interest calculator"", ""investing""]",2026-07-22,0,150,compound-goal,FALSE,FALSE,DATA_REQUIRED,compound,REVIEW_AFTER_28_DAYS,no edit during 28-day freeze,modified within last 28 days; intent overlaps freeze family: compound
/en/posts/personalFinance/apartment-transaction-volume-decline-meaning,en,post,What Falling Apartment Transaction Volume Means in Korea: 4 Ways to Read the Signal,Personal Finance,"[""apartment transaction volume"", ""falling volume"", ""Korean real estate"", ""liquidity"", ""price distribution"", ""median price"", ""real estate dashboard""]",2026-06-03,DATA_REQUIRED,DATA_REQUIRED,real-estate-loan,FALSE,FALSE,DATA_REQUIRED,real-estate-loan,REVIEW_AFTER_28_DAYS,no edit during 28-day freeze,intent overlaps freeze family: real-estate-loan
/en/posts/personalFinance/apt-dashboard-home-goal-roadmap,en,post,A 3-Step Home-Buying Roadmap Using Real Estate Transaction Data: Turn Anxiety Into Rules (Not Predictions),Personal Finance,"[""home buying"",""Korea real estate"",""apartment"",""real transaction"",""Seoul"",""Gyeonggi"",""Incheon"",""goal planning"",""budget"",""debt rules"",""timeline"",""cashflow"",""upgrader"",""first home""]",2026-01-29,DATA_REQUIRED,DATA_REQUIRED,real-estate-loan,FALSE,FALSE,DATA_REQUIRED,real-estate-loan,REVIEW_AFTER_28_DAYS,no edit during 28-day freeze,intent overlaps freeze family: real-estate-loan
/en/posts/personalFinance/cash-100m-200m-300m-apartment-budget,en,post,"Cash KRW 100M, 200M, 300M: What Apartment Budget Can It Support in Korea?",Personal Finance,"[""Korea apartment budget"", ""DSR calculator"", ""LTV calculator"", ""KRW housing"", ""cash on hand"", ""mortgage affordability"", ""real estate dashboard""]",2026-06-04,0,1,real-estate-loan,FALSE,FALSE,DATA_REQUIRED,real-estate-loan,REVIEW_AFTER_28_DAYS,no edit during 28-day freeze,intent overlaps freeze family: real-estate-loan
/en/posts/personalFinance/compound-return-3-5-7-10-table,en,post,"Compound Growth at 3%, 5%, 7%, and 10%: 10-, 20-, and 30-Year Tables",Personal Finance,"[""compound interest"", ""future value"", ""long term investing"", ""return assumptions"", ""monthly investing"", ""CAGR"", ""reference table""]",2026-06-01,0,3,compound-goal,FALSE,FALSE,DATA_REQUIRED,CAGR,REVIEW_AFTER_28_DAYS,no edit during 28-day freeze,intent overlaps freeze family: CAGR
/en/posts/personalFinance/dca-fx-volatility-decomposition,en,post,DCA Returns Are “Asset Return + Currency Return”: A Volatility Decomposition Framework That Reduces Panic and Rule-Drift,Personal Finance,"[""DCA"", ""dollar-cost averaging"", ""currency risk"", ""FX return"", ""volatility"", ""behavioral finance"", ""rule-based investing"", ""rebalancing"", ""global investing"", ""USD returns""]",2026-02-04,DATA_REQUIRED,DATA_REQUIRED,dca-cagr,FALSE,FALSE,DATA_REQUIRED,DCA,REVIEW_AFTER_28_DAYS,no edit during 28-day freeze,intent overlaps freeze family: DCA
/en/posts/personalFinance/dca-step-up-ruleset,en,post,Step-Up DCA: A Rulebook for Raising (or Pausing) Contributions Without Breaking Your Plan,Personal Finance,"[""dca"", ""dollar-cost averaging"", ""step-up contributions"", ""budget rules"", ""behavioral finance"", ""cash flow""]",2026-02-04,0,1,dca-cagr,FALSE,FALSE,DATA_REQUIRED,DCA,REVIEW_AFTER_28_DAYS,no edit during 28-day freeze,intent overlaps freeze family: DCA
/en/posts/personalFinance/dca-vs-lump-sum-when-results-differ,en,post,DCA vs Lump Sum: When Do the Results Differ?,Personal Finance,"[""dca"", ""lump sum investing"", ""dollar cost averaging"", ""monthly investing"", ""after tax value"", ""investment simulator""]",2026-05-28,0,41,dca-cagr,FALSE,FALSE,DATA_REQUIRED,DCA,REVIEW_AFTER_28_DAYS,no edit during 28-day freeze,intent overlaps freeze family: DCA
/en/posts/personalFinance/dca-vs-lumpsum-decision-rules,en,post,"DCA vs Lump Sum Without the Debate: A 3-Step Rule Based on Behavior Risk, Cash Buffers, and Time Horizon",Personal Finance,"[""DCA"",""lump sum"",""behavior risk"",""cash buffer"",""time horizon"",""drawdown"",""regret"",""financial plan"",""fees"",""taxes"",""decision rules""]",2026-03-09,0,1,dca-cagr,FALSE,FALSE,DATA_REQUIRED,DCA,REVIEW_AFTER_28_DAYS,no edit during 28-day freeze,intent overlaps freeze family: DCA
/en/posts/personalFinance/dsr-40-income-loan-limit-table,en,post,Korea DSR 40% Rule Explained: How Income Limits Mortgage Borrowing Capacity,Personal Finance,"[""Korea DSR rule"", ""DSR 40"", ""Korean mortgage"", ""loan capacity"", ""LTV calculator"", ""KRW housing"", ""home affordability""]",2026-06-19,0,6,real-estate-loan,FALSE,FALSE,DATA_REQUIRED,real-estate-loan,REVIEW_AFTER_28_DAYS,no edit during 28-day freeze,intent overlaps freeze family: real-estate-loan
/en/posts/personalFinance/dsr-pass-ltv-cash-bottleneck,en,post,"Passing DSR but Still Blocked? Understanding LTV, Cash, and Cost Bottlenecks",Personal Finance,"[""DSR calculator"", ""LTV calculator"", ""Korea mortgage"", ""cash bottleneck"", ""apartment budget"", ""KRW housing"", ""real estate dashboard""]",2026-06-02,0,1,real-estate-loan,FALSE,FALSE,DATA_REQUIRED,real-estate-loan,REVIEW_AFTER_28_DAYS,no edit during 28-day freeze,intent overlaps freeze family: real-estate-loan
/en/posts/personalFinance/fire-3-numbers-spending-horizon-withdrawal,en,post,"FIRE Is Just 3 Numbers: Annual Spending, Retirement Horizon, and Withdrawal Rate (Then Validate in 10 Minutes)",Personal Finance,"[""FIRE"", ""retirement planning"", ""annual spending"", ""withdrawal rate"", ""4% rule"", ""sequence of returns risk"", ""inflation-adjusted spending"", ""401k"", ""IRA"", ""Social Security"", ""Medicare"", ""rules-based plan""]",2026-02-03,DATA_REQUIRED,DATA_REQUIRED,dca-cagr,FALSE,FALSE,DATA_REQUIRED,FIRE,REVIEW_AFTER_28_DAYS,no edit during 28-day freeze,intent overlaps freeze family: FIRE
/en/posts/personalFinance/fire-assumption-errors-7-fixes,en,post,"The 7 Most Common FIRE Modeling Mistakes: Fix Your Return, Inflation, and Tax Assumptions (Then Run Sensitivity Checks)",Personal Finance,"[""FIRE"", ""retirement planning"", ""withdrawal rate"", ""real returns"", ""inflation"", ""tax assumptions"", ""401k"", ""IRA"", ""Social Security"", ""sensitivity analysis"", ""cash flow modeling""]",2026-02-05,0,3,dca-cagr,FALSE,FALSE,DATA_REQUIRED,FIRE,REVIEW_AFTER_28_DAYS,no edit during 28-day freeze,intent overlaps freeze family: FIRE
/en/posts/personalFinance/fire-sequence-risk-first-5-years,en,post,"The First 5 Years of Retirement Decide FIRE: Sequence-of-Returns Risk, Withdrawal Rules, and a 10-Minute Stress Test",Personal Finance,"[""FIRE"", ""retirement"", ""sequence of returns risk"", ""withdrawal rate"", ""guardrails"", ""inflation"", ""cashflow planning"", ""Social Security"", ""Medicare"", ""stress test""]",2026-02-04,0,5,dca-cagr,FALSE,FALSE,DATA_REQUIRED,FIRE,REVIEW_AFTER_28_DAYS,no edit during 28-day freeze,intent overlaps freeze family: FIRE
/en/posts/personalFinance/fire-spending-buckets-essential-choice-insurance,en,post,Retirement spending should be split into Essential / Lifestyle / Insurance (risk costs): build buffers and validate with the FIRE calculator,Personal Finance,"[""FIRE"", ""retirement spending"", ""budgeting"", ""withdrawal rate"", ""inflation"", ""healthcare costs"", ""Medicare"", ""risk management"", ""buffers"", ""guardrails""]",2026-02-05,DATA_REQUIRED,DATA_REQUIRED,fire-retirement,FALSE,FALSE,DATA_REQUIRED,FIRE,REVIEW_AFTER_28_DAYS,no edit during 28-day freeze,intent overlaps freeze family: FIRE
/en/posts/personalFinance/goal-amount-fast-strategy,en,post,"How to Reach Your Target Amount Faster: Balancing Principal, Return, and Time",Personal Finance,"[""target amount"", ""investment planning"", ""compound interest"", ""personal finance"", ""return"", ""investment period"", ""wealth building""]",2025-11-19,DATA_REQUIRED,DATA_REQUIRED,compound-goal,FALSE,FALSE,DATA_REQUIRED,compound,REVIEW_AFTER_28_DAYS,no edit during 28-day freeze,intent overlaps freeze family: compound
/en/posts/personalFinance/high-rate-debt-vs-invest-threshold-rule,en,post,High-Rate Era: Should You Pay Down Debt or Invest First? (The Interest-Rate Threshold Rule),Personal Finance,"[""high rates"", ""debt payoff"", ""investing priorities"", ""interest rate threshold"", ""cash flow"", ""emergency fund"", ""DCA"", ""risk-free return"", ""behavioral finance"", ""personal finance rules""]",2026-01-15,0,1,real-estate-loan,FALSE,FALSE,DATA_REQUIRED,DCA,REVIEW_AFTER_28_DAYS,no edit during 28-day freeze,intent overlaps freeze family: DCA
/en/posts/personalFinance/how-much-per-month-for-100m,en,post,"How Much Should You Invest Monthly to Reach $100,000? 5-, 10-, and 15-Year Plans",Personal Finance,"[""save 100k"", ""monthly investment"", ""financial goal"", ""goal calculator"", ""compound interest"", ""DCA"", ""investment planning"", ""wealth building""]",2026-06-04,0,15,compound-goal,FALSE,FALSE,DATA_REQUIRED,compound,REVIEW_AFTER_28_DAYS,no edit during 28-day freeze,intent overlaps freeze family: compound
/en/posts/personalFinance/how-much-to-invest-monthly-for-target-portfolio,en,post,Monthly Investment Needed to Reach a Target Portfolio,Personal Finance,"[""target portfolio"", ""monthly investing"", ""dca"", ""dollar cost averaging"", ""after tax value"", ""investment simulator"", ""goal planning""]",2026-07-22,0,400,compound-goal,FALSE,FALSE,DATA_REQUIRED,DCA,REVIEW_AFTER_28_DAYS,no edit during 28-day freeze,modified within last 28 days; intent overlaps freeze family: DCA
/en/posts/personalFinance/how-to-read-apartment-transaction-prices,en,post,"How to Read Korean Apartment Transaction Prices: Median, Average, Unit Price, and Volume",Personal Finance,"[""Korean apartment data"", ""median price"", ""average price"", ""unit price"", ""transaction volume"", ""real estate dashboard"", ""Korea housing""]",2026-06-03,DATA_REQUIRED,DATA_REQUIRED,real-estate-loan,FALSE,FALSE,DATA_REQUIRED,real-estate-loan,REVIEW_AFTER_28_DAYS,no edit during 28-day freeze,intent overlaps freeze family: real-estate-loan
/en/posts/personalFinance/interest-rate-1p-loan-limit-impact,en,post,How Much Can a 1pp Rate Increase Reduce Korean Mortgage Capacity?,Personal Finance,"[""Korea mortgage"", ""DSR calculator"", ""LTV calculator"", ""interest rate"", ""loan capacity"", ""KRW housing"", ""real estate dashboard""]",2026-06-02,0,2,real-estate-loan,FALSE,FALSE,DATA_REQUIRED,real-estate-loan,REVIEW_AFTER_28_DAYS,no edit during 28-day freeze,intent overlaps freeze family: real-estate-loan
/en/posts/personalFinance/is-dca-better-in-a-bear-market,en,post,Is Dollar-Cost Averaging Better in a Bear Market?,Personal Finance,"[""dca"", ""bear market"", ""dollar cost averaging"", ""drawdown"", ""monthly investing"", ""target portfolio"", ""investment simulator""]",2026-07-22,0,352,dca-cagr,FALSE,FALSE,DATA_REQUIRED,DCA,REVIEW_AFTER_28_DAYS,no edit during 28-day freeze,modified within last 28 days; intent overlaps freeze family: DCA
/en/posts/personalFinance/large-apartment-complex-households-price-stability,en,post,"Are Large Apartment Complexes More Stable? Reading Households, Volume, and Unit Prices in Korea",Personal Finance,"[""large apartment complex Korea"", ""household count"", ""price stability"", ""transaction volume"", ""unit price"", ""Korean real estate"", ""dashboard""]",2026-06-03,DATA_REQUIRED,DATA_REQUIRED,real-estate-loan,FALSE,FALSE,DATA_REQUIRED,real-estate-loan,REVIEW_AFTER_28_DAYS,no edit during 28-day freeze,intent overlaps freeze family: real-estate-loan
/en/posts/personalFinance/monthly-dca-10-year-result,en,post,What Happens If You Invest $500 a Month for 10 Years?,Personal Finance,"[""500 monthly investment"", ""dca"", ""dollar cost averaging"", ""compound interest"", ""10 year investing"", ""monthly contribution"", ""goal planning""]",2026-05-21,DATA_REQUIRED,DATA_REQUIRED,compound-goal,FALSE,FALSE,DATA_REQUIRED,compound,REVIEW_AFTER_28_DAYS,no edit during 28-day freeze,intent overlaps freeze family: compound
/en/posts/personalFinance/monthly-investment-for-100m-table,en,post,"Monthly Contribution Table for a $100,000 Target and KRW 100M Goal",Personal Finance,"[""monthly investment calculator"", ""target portfolio"", ""monthly contribution table"", ""goal calculator"", ""DCA"", ""compound interest"", ""portfolio planning""]",2026-06-19,0,6,compound-goal,FALSE,FALSE,DATA_REQUIRED,compound,REVIEW_AFTER_28_DAYS,no edit during 28-day freeze,intent overlaps freeze family: compound
/en/posts/personalFinance/mortgage-risk-checklist-dsr-variable,en,post,"Mortgage Risk Checklist Before Buying a Korean Apartment: DSR, LTV, Rates, Cash Buffer",Personal Finance,"[""Korea mortgage"", ""DSR calculator"", ""LTV calculator"", ""mortgage risk"", ""cash buffer"", ""KRW housing"", ""real estate dashboard""]",2026-06-02,DATA_REQUIRED,DATA_REQUIRED,real-estate-loan,FALSE,FALSE,DATA_REQUIRED,real-estate-loan,REVIEW_AFTER_28_DAYS,no edit during 28-day freeze,intent overlaps freeze family: real-estate-loan
/en/posts/personalFinance/rent-jeonse-buy-cashflow-opportunity-cost,en,post,"Rent vs Jeonse vs Buy: Not “Cheaper,” but “Safer” — Compare Cash Flow, Opportunity Cost, and Risk Triggers",Personal Finance,"[""Korea housing"",""rent"",""jeonse"",""buy"",""cash flow"",""opportunity cost"",""risk triggers"",""mortgage"",""real estate decision""]",2026-02-03,DATA_REQUIRED,DATA_REQUIRED,real-estate-loan,FALSE,FALSE,DATA_REQUIRED,real-estate-loan,REVIEW_AFTER_28_DAYS,no edit during 28-day freeze,intent overlaps freeze family: real-estate-loan
/en/posts/personalFinance/simple-vs-compound,en,post,Simple vs. Compound Interest — The Most Important Finance Principle for Beginners,Personal Finance,"[""simple interest"",""compound interest"",""finance 101"",""beginner investing"",""wealth building"",""CAGR"",""monthly contributions"",""fees"",""inflation""]",2026-03-09,DATA_REQUIRED,DATA_REQUIRED,compound-goal,FALSE,FALSE,DATA_REQUIRED,CAGR,REVIEW_AFTER_28_DAYS,no edit during 28-day freeze,intent overlaps freeze family: CAGR
/en/posts/personalFinance/what-is-cagr,en,post,What Is CAGR? How to Compare Long-Term Returns Using Annualized Return,Personal Finance,"[""CAGR"", ""annualized return"", ""CAGR calculator"", ""ETF returns"", ""simple return""]",2026-06-19,0,11,dca-cagr,FALSE,FALSE,DATA_REQUIRED,CAGR,REVIEW_AFTER_28_DAYS,no edit during 28-day freeze,intent overlaps freeze family: CAGR
/posts/economicInfo/geopolitics-oil-fx-dashboard,ko,post,지정학·유가·환율 충격이 서울·경기·인천 집값에 전이되는 5단 체인: 물가→금리→대출→심리→거래량,경제정보,"[""지정학"",""유가"",""환율"",""원달러"",""물가"",""금리"",""대출금리"",""주택시장"",""거래량"",""가격분포"",""서울"",""경기"",""인천"",""전이경로"",""대시보드""]",2026-06-19,DATA_REQUIRED,DATA_REQUIRED,real-estate-loan,FALSE,FALSE,DATA_REQUIRED,real-estate-loan,REVIEW_AFTER_28_DAYS,no edit during 28-day freeze,intent overlaps freeze family: real-estate-loan
/posts/economicInfo/inflation-basics,ko,post,물가와 금리의 기본 이해: 장기 투자자가 반드시 알아야 할 핵심 구조,경제정보,"[""물가"", ""금리"", ""통화정책"", ""기준금리"", ""경제기초"", ""투자기초"", ""매크로""]",2025-12-01,DATA_REQUIRED,DATA_REQUIRED,real-estate-loan,FALSE,FALSE,DATA_REQUIRED,real-estate-loan,REVIEW_AFTER_28_DAYS,no edit during 28-day freeze,intent overlaps freeze family: real-estate-loan
/posts/investingInfo/dca-consistency-7-fail-patterns,ko,post,적립식(DCA)은 ‘수익률’이 아니라 ‘지속성’ 게임: 실패하는 DCA 패턴 7가지,투자정보,"[""DCA"",""적립식투자"",""장기투자"",""변동성"",""리밸런싱"",""CAGR"",""MDD"",""투자습관"",""심리"",""규칙투자""]",2026-01-08,DATA_REQUIRED,DATA_REQUIRED,dca-cagr,FALSE,FALSE,DATA_REQUIRED,CAGR,REVIEW_AFTER_28_DAYS,no edit during 28-day freeze,intent overlaps freeze family: CAGR
/posts/investingInfo/diagnose-investing-skill-with-cagr,ko,post,CAGR로 투자 실력 진단하기: MDD·변동성·샤프비율과 함께 보는 현실적인 평가법,투자정보,"[""CAGR"", ""MDD"", ""샤프비율"", ""변동성"", ""투자평가"", ""포트폴리오""]",2025-11-29,DATA_REQUIRED,DATA_REQUIRED,dca-cagr,FALSE,FALSE,DATA_REQUIRED,CAGR,REVIEW_AFTER_28_DAYS,no edit during 28-day freeze,intent overlaps freeze family: CAGR
/posts/investingInfo/rates-discount-mortgage-demand-apt-prices,ko,post,금리(할인율)는 어떻게 서울·경기·인천 아파트 가격을 흔드는가: 대출금리·수요·심리 3채널로 분해하기,투자정보,"[""금리"",""할인율"",""대출금리"",""주택담보대출"",""DSR"",""거래량"",""금융여건"",""심리"",""서울아파트"",""경기아파트"",""인천아파트"",""실거래"",""대시보드""]",2026-06-23,DATA_REQUIRED,DATA_REQUIRED,real-estate-loan,FALSE,FALSE,DATA_REQUIRED,real-estate-loan,REVIEW_AFTER_28_DAYS,no edit during 28-day freeze,intent overlaps freeze family: real-estate-loan
/posts/investingInfo/real-estate-role-in-portfolio-risk-budget,ko,post,가계 자산배분에서 부동산은 ‘비중’이 아니라 ‘역할’이다: 현대형 60/40(리스크 예산)로 다시 설계하기,투자정보,"[""리스크예산"",""자산배분"",""현대형60/40"",""부동산역할"",""서울경기인천"",""거래량"",""유동성"",""할인율"",""금리민감도"",""리밸런싱"",""중단조건"",""가계포트폴리오""]",2026-02-03,DATA_REQUIRED,DATA_REQUIRED,real-estate-data,FALSE,FALSE,DATA_REQUIRED,real-estate-loan,REVIEW_AFTER_28_DAYS,no edit during 28-day freeze,intent overlaps freeze family: real-estate-loan
/posts/personalFinance/apartment-buying-calculator-guide,ko,post,아파트 구매 계산기: 집값·현금·대출·월상환액 한 번에 보는 법,재테크,"[""아파트 구매 계산기"", ""아파트 구매 대출 계산"", ""내 연봉으로 살 수 있는 아파트"", ""주담대 월상환액 계산"", ""필요 현금 계산"", ""DSR"", ""LTV""]",2026-07-15,DATA_REQUIRED,DATA_REQUIRED,real-estate-loan,FALSE,FALSE,DATA_REQUIRED,real-estate-loan,REVIEW_AFTER_28_DAYS,no edit during 28-day freeze,modified within last 28 days; intent overlaps freeze family: real-estate-loan
/posts/personalFinance/apartment-buying-costs-before-purchase,ko,post,아파트 매수 전 계산해야 할 비용 5가지: 대출 한도보다 먼저 볼 현금표,재테크,"[""아파트 매수 비용"", ""부대비용"", ""취득세"", ""중개보수"", ""DSR"", ""LTV"", ""주택 구입 예산""]",2026-06-23,DATA_REQUIRED,DATA_REQUIRED,real-estate-loan,FALSE,FALSE,DATA_REQUIRED,real-estate-loan,REVIEW_AFTER_28_DAYS,no edit during 28-day freeze,intent overlaps freeze family: real-estate-loan
/posts/personalFinance/apartment-transaction-volume-decline-meaning,ko,post,아파트 거래량 감소는 집값 하락 신호일까? 실거래 데이터로 보는 4가지 해석,재테크,"[""아파트 거래량"", ""거래량 감소"", ""아파트 거래량과 집값"", ""실거래 데이터"", ""유동성"", ""가격분포"", ""부동산 대시보드""]",2026-06-03,DATA_REQUIRED,DATA_REQUIRED,real-estate-loan,FALSE,FALSE,DATA_REQUIRED,real-estate-loan,REVIEW_AFTER_28_DAYS,no edit during 28-day freeze,intent overlaps freeze family: real-estate-loan
/posts/personalFinance/apt-dashboard-home-goal-roadmap,ko,post,서울·경기·인천 아파트 실거래 대시보드로 ‘내 집 마련 목표’를 숫자로 바꾸는 3단계 로드맵,재테크,"[""내집마련"",""실거래가"",""아파트"",""서울"",""경기도"",""인천"",""대시보드"",""목표설정"",""예산"",""대출"",""LTV"",""DSR"",""현금흐름"",""갈아타기"",""무주택"",""거래량"",""가격분포"",""의사결정""]",2026-06-19,DATA_REQUIRED,DATA_REQUIRED,real-estate-loan,FALSE,FALSE,DATA_REQUIRED,real-estate-loan,REVIEW_AFTER_28_DAYS,no edit during 28-day freeze,intent overlaps freeze family: real-estate-loan
/posts/personalFinance/cash-100m-200m-300m-apartment-budget,ko,post,보유현금 1억·2억·3억이면 어느 가격대 아파트까지 가능할까?,재테크,"[""보유현금"", ""DSR 계산기"", ""LTV 계산기"", ""아파트 구매 가능 금액"", ""주담대 한도"", ""부대비용"", ""부동산 실거래""]",2026-06-04,1,4,real-estate-loan,FALSE,FALSE,DATA_REQUIRED,real-estate-loan,REVIEW_AFTER_28_DAYS,no edit during 28-day freeze,intent overlaps freeze family: real-estate-loan
/posts/personalFinance/compound-calculator-guide,ko,post,복리 계산기 사용법: 월복리·연복리·적립식 결과 보는 법,재테크,"[""복리 계산기"", ""월복리"", ""연복리"", ""적립식 투자"", ""복리 계산"", ""미래가치"", ""재테크 계산기""]",2026-07-08,DATA_REQUIRED,DATA_REQUIRED,compound-goal,FALSE,FALSE,DATA_REQUIRED,compound,REVIEW_AFTER_28_DAYS,no edit during 28-day freeze,intent overlaps freeze family: compound
/posts/personalFinance/dca-fx-volatility-decomposition,ko,post,해외자산 DCA에서 ‘수익률 변동’과 ‘환율 변동’을 분리해 읽는 법: 한국 사용자용 운영 규칙(불안·중단 방지),재테크,"[""해외자산"", ""DCA"", ""적립식"", ""환율"", ""USD/KRW"", ""원화수익률"", ""변동성"", ""불안관리"", ""투자규칙"", ""리밸런싱""]",2026-06-23,DATA_REQUIRED,DATA_REQUIRED,dca-cagr,FALSE,FALSE,DATA_REQUIRED,DCA,REVIEW_AFTER_28_DAYS,no edit during 28-day freeze,intent overlaps freeze family: DCA
/posts/personalFinance/dca-vs-lump-sum-when-results-differ,ko,post,"적립식 투자와 일괄투자, 언제 결과가 달라질까?",재테크,"[""적립식 투자"", ""일괄투자"", ""DCA"", ""투자 시뮬레이션"", ""평균 매수단가"", ""세후 자산""]",2026-05-28,DATA_REQUIRED,DATA_REQUIRED,dca-cagr,FALSE,FALSE,DATA_REQUIRED,DCA,REVIEW_AFTER_28_DAYS,no edit during 28-day freeze,intent overlaps freeze family: DCA
/posts/personalFinance/dca-vs-lumpsum-decision-rules,ko,post,DCA vs 일시금투자: 기대수익이 아니라 ‘후회·중단·변동성(실행 리스크)’로 결정하는 3단계 규칙,재테크,"[""DCA"",""적립식"",""일시금투자"",""분할매수"",""목돈투자"",""변동성"",""후회"",""중단"",""실행리스크"",""비상금"",""부채이자율"",""환율변동성""]",2026-06-23,DATA_REQUIRED,DATA_REQUIRED,dca-cagr,FALSE,FALSE,DATA_REQUIRED,DCA,REVIEW_AFTER_28_DAYS,no edit during 28-day freeze,intent overlaps freeze family: DCA
/posts/personalFinance/dsr-pass-ltv-cash-bottleneck,ko,post,DSR은 통과했는데 왜 집을 못 살까? LTV·현금·부대비용 병목 이해하기,재테크,"[""DSR 계산기"", ""LTV 계산기"", ""현금 병목"", ""아파트 구매 가능 금액"", ""주담대 한도"", ""부대비용"", ""부동산 실거래""]",2026-06-02,DATA_REQUIRED,DATA_REQUIRED,real-estate-loan,FALSE,FALSE,DATA_REQUIRED,real-estate-loan,REVIEW_AFTER_28_DAYS,no edit during 28-day freeze,intent overlaps freeze family: real-estate-loan
/posts/personalFinance/emergency-fund-by-risk,ko,post,비상금은 ‘몇 개월’이 아니라 ‘리스크’로 정한다: 직장·가족·대출 기준표로 끝내기,재테크,"[""비상금"",""현금흐름"",""가계부"",""예산"",""리스크관리"",""실직리스크"",""부채"",""변동금리"",""생활비"",""가계재무""]",2026-01-14,DATA_REQUIRED,DATA_REQUIRED,real-estate-loan,FALSE,FALSE,DATA_REQUIRED,real-estate-loan,REVIEW_AFTER_28_DAYS,no edit during 28-day freeze,intent overlaps freeze family: real-estate-loan
/posts/personalFinance/fire-3-numbers-spending-horizon-withdrawal,ko,post,은퇴자산 목표는 ‘3개 숫자’로 결정된다: 연지출·은퇴기간·인출률(4%룰 오해까지) + FIRE 툴로 10분 계산,재테크,"[""은퇴자산"", ""FIRE"", ""연지출"", ""은퇴기간"", ""인출률"", ""4%룰"", ""국민연금"", ""퇴직연금"", ""IRP"", ""건강보험료"", ""전세"", ""월세"", ""대출이자"", ""인플레이션"", ""KRW""]",2026-06-24,DATA_REQUIRED,DATA_REQUIRED,real-estate-loan,FALSE,FALSE,DATA_REQUIRED,FIRE,REVIEW_AFTER_28_DAYS,no edit during 28-day freeze,intent overlaps freeze family: FIRE
/posts/personalFinance/fire-assumption-errors-7-fixes,ko,post,FIRE 계산이 틀리는 가장 흔한 이유 7가지: 수익률·인플레·세금·현금흐름 가정을 현실로 내리는 법 + 툴로 민감도 체크,재테크,"[""FIRE"", ""은퇴설계"", ""인출률"", ""가정오류"", ""수익률"", ""인플레이션"", ""세금"", ""국민연금"", ""퇴직연금"", ""IRP"", ""현금흐름"", ""민감도분석""]",2026-02-05,DATA_REQUIRED,DATA_REQUIRED,compound-goal,FALSE,FALSE,DATA_REQUIRED,FIRE,REVIEW_AFTER_28_DAYS,no edit during 28-day freeze,intent overlaps freeze family: FIRE
/posts/personalFinance/fire-sequence-risk-first-5-years,ko,post,은퇴 직전·직후 5년이 FIRE를 결정한다: ‘순서 리스크’(초반 급락)와 인출 전략을 정리 + 툴로 스트레스 테스트,재테크,"[""FIRE"", ""순서 리스크"", ""은퇴 5년"", ""초반 급락"", ""인출 전략"", ""인출률"", ""현금흐름"", ""국민연금"", ""퇴직연금"", ""IRP"", ""건강보험료"", ""변동금리"", ""대출"", ""스트레스 테스트"", ""가드레일""]",2026-06-23,DATA_REQUIRED,DATA_REQUIRED,real-estate-loan,FALSE,FALSE,DATA_REQUIRED,CAGR,REVIEW_AFTER_28_DAYS,no edit during 28-day freeze,intent overlaps freeze family: CAGR
/posts/personalFinance/fire-spending-buckets-essential-choice-insurance,ko,post,은퇴 지출은 ‘필수·선택·보험(리스크 비용)’으로 나눠야 흔들리지 않는다: 생활비 설계 + FIRE 시뮬레이터로 안전마진 잡기,재테크,"[""은퇴지출"", ""생활비설계"", ""FIRE"", ""인출률"", ""안전마진"", ""체감물가"", ""건강보험료"", ""실손보험"", ""부양비"", ""주거비"", ""리스크관리""]",2026-02-05,DATA_REQUIRED,DATA_REQUIRED,fire-retirement,FALSE,FALSE,DATA_REQUIRED,FIRE,REVIEW_AFTER_28_DAYS,no edit during 28-day freeze,intent overlaps freeze family: FIRE
/posts/personalFinance/first-home-buyer-budget-calculation,ko,post,생애최초 주택 구입 예산 계산: 집값보다 먼저 볼 6개 숫자,재테크,"[""생애최초 주택 구입"", ""내집마련 예산"", ""DSR"", ""LTV"", ""주담대 한도"", ""부대비용"", ""아파트 예산""]",2026-06-23,0,1,real-estate-loan,FALSE,FALSE,DATA_REQUIRED,real-estate-loan,REVIEW_AFTER_28_DAYS,no edit during 28-day freeze,intent overlaps freeze family: real-estate-loan
/posts/personalFinance/goal-amount-fast-strategy,ko,post,목표 금액을 빠르게 모으는 법: 원금·수익률·기간의 균형,재테크,"[""목표자산"", ""투자계획"", ""복리"", ""재테크"", ""목표금액"", ""수익률"", ""기간설정"", ""자산관리""]",2026-07-08,DATA_REQUIRED,DATA_REQUIRED,compound-goal,FALSE,FALSE,DATA_REQUIRED,compound,REVIEW_AFTER_28_DAYS,no edit during 28-day freeze,intent overlaps freeze family: compound
/posts/personalFinance/high-rate-debt-vs-invest-threshold-rule,ko,post,"고금리 시대: 빚부터 갚을까, 투자부터 할까? (이자율 ‘임계값’ 룰)",재테크,"[""고금리"", ""빚갚기"", ""투자우선순위"", ""이자율임계값"", ""현금흐름"", ""부채관리"", ""리스크관리"", ""비상금"", ""DCA"", ""복리""]",2026-07-08,DATA_REQUIRED,DATA_REQUIRED,real-estate-loan,FALSE,FALSE,DATA_REQUIRED,compound,REVIEW_AFTER_28_DAYS,no edit during 28-day freeze,intent overlaps freeze family: compound
/posts/personalFinance/how-much-monthly-invest-for-100m,ko,post,1억원 만들려면 매달 얼마를 투자해야 할까?,재테크,"[""1억원 만들기"", ""목표 금액"", ""적립식 투자"", ""DCA"", ""월 납입금"", ""세후 자산"", ""투자 시뮬레이션""]",2026-06-19,DATA_REQUIRED,DATA_REQUIRED,compound-goal,FALSE,FALSE,DATA_REQUIRED,DCA,REVIEW_AFTER_28_DAYS,no edit during 28-day freeze,intent overlaps freeze family: DCA
/posts/personalFinance/how-to-read-apartment-transaction-prices,ko,post,아파트 실거래가 보는 법: 평균가·중앙값·평단가·거래량을 함께 읽어야 하는 이유,재테크,"[""아파트 실거래가"", ""실거래가 보는법"", ""평균가"", ""중앙값"", ""평단가"", ""거래량"", ""부동산 대시보드"", ""Top100""]",2026-06-03,DATA_REQUIRED,DATA_REQUIRED,real-estate-loan,FALSE,FALSE,DATA_REQUIRED,real-estate-loan,REVIEW_AFTER_28_DAYS,no edit during 28-day freeze,intent overlaps freeze family: real-estate-loan
/posts/personalFinance/interest-rate-1p-loan-limit-impact,ko,post,금리 1%p 오르면 내 주담대 한도는 얼마나 줄어들까?,재테크,"[""금리 1%p"", ""DSR 계산기"", ""LTV 계산기"", ""주담대 한도"", ""대출 가능액"", ""아파트 구매 가능 금액"", ""부동산 실거래""]",2026-06-02,DATA_REQUIRED,DATA_REQUIRED,real-estate-loan,FALSE,FALSE,DATA_REQUIRED,real-estate-loan,REVIEW_AFTER_28_DAYS,no edit during 28-day freeze,intent overlaps freeze family: real-estate-loan
/posts/personalFinance/is-dca-better-in-bear-market,ko,post,하락장에서 적립식 투자가 유리하다는 말은 진짜일까?,재테크,"[""하락장"", ""적립식 투자"", ""DCA"", ""MDD"", ""하락장 시나리오"", ""평균 매수단가"", ""투자 시뮬레이션""]",2026-06-19,DATA_REQUIRED,DATA_REQUIRED,dca-cagr,FALSE,FALSE,DATA_REQUIRED,DCA,REVIEW_AFTER_28_DAYS,no edit during 28-day freeze,intent overlaps freeze family: DCA
/posts/personalFinance/jeonse-to-home-purchase-cash-needed,ko,post,전세에서 매매로 갈아탈 때 필요한 현금 계산: 보증금 타이밍까지 보기,재테크,"[""전세에서 매매"", ""갈아타기"", ""필요한 현금"", ""전세보증금"", ""DSR"", ""LTV"", ""아파트 매수""]",2026-06-23,DATA_REQUIRED,DATA_REQUIRED,real-estate-loan,FALSE,FALSE,DATA_REQUIRED,real-estate-loan,REVIEW_AFTER_28_DAYS,no edit during 28-day freeze,intent overlaps freeze family: real-estate-loan
/posts/personalFinance/large-apartment-complex-households-price-stability,ko,post,세대수 많은 대단지 아파트가 더 안정적일까? 거래량·평단가·가격분포로 확인하는 법,재테크,"[""대단지 아파트"", ""세대수"", ""가격 안정성"", ""거래량"", ""평단가"", ""가격분포"", ""부동산 대시보드""]",2026-06-03,DATA_REQUIRED,DATA_REQUIRED,real-estate-loan,FALSE,FALSE,DATA_REQUIRED,real-estate-loan,REVIEW_AFTER_28_DAYS,no edit during 28-day freeze,intent overlaps freeze family: real-estate-loan
/posts/personalFinance/ltv-dsr-calculator-guide,ko,post,LTV DSR 계산기 사용법: 주담대 한도 계산 순서,재테크,"[""LTV DSR 계산기"", ""주택담보대출 DSR 계산기"", ""주담대 한도 계산"", ""아파트 담보대출 계산기"", ""DSR 40% 계산"", ""월상환액"", ""보유 현금""]",2026-07-15,DATA_REQUIRED,DATA_REQUIRED,real-estate-loan,FALSE,FALSE,DATA_REQUIRED,real-estate-loan,REVIEW_AFTER_28_DAYS,no edit during 28-day freeze,modified within last 28 days; intent overlaps freeze family: real-estate-loan
/posts/personalFinance/monthly-dca-10-year-result,ko,post,"월 50만원 적립식 투자, 10년 후 얼마가 될까?",재테크,"[""월50만원투자"", ""적립식투자"", ""DCA"", ""복리"", ""10년투자"", ""월적립"", ""투자계획"", ""목표자산""]",2026-07-08,DATA_REQUIRED,DATA_REQUIRED,dca-cagr,FALSE,FALSE,DATA_REQUIRED,compound,REVIEW_AFTER_28_DAYS,no edit during 28-day freeze,intent overlaps freeze family: compound
/posts/personalFinance/monthly-investment-for-100m-table,ko,post,1억 만들려면 월 얼마씩 투자해야 할까? 기간·수익률별 월 투자금 표,재테크,"[""1억 만들기"", ""월 투자금"", ""목표 자산"", ""적립식 투자"", ""DCA"", ""복리"", ""재테크 표""]",2026-06-01,DATA_REQUIRED,DATA_REQUIRED,compound-goal,FALSE,FALSE,DATA_REQUIRED,compound,REVIEW_AFTER_28_DAYS,no edit during 28-day freeze,intent overlaps freeze family: compound
/posts/personalFinance/mortgage-risk-checklist-dsr-variable,ko,post,"아파트 매수 전 대출 리스크 체크리스트: DSR, LTV, 금리, 비상금",재테크,"[""주택대출"", ""DSR 계산기"", ""LTV 계산기"", ""주담대 한도"", ""대출 리스크"", ""비상금"", ""부동산 실거래"", ""아파트 구매 가능 금액""]",2026-06-02,DATA_REQUIRED,DATA_REQUIRED,real-estate-loan,FALSE,FALSE,DATA_REQUIRED,real-estate-loan,REVIEW_AFTER_28_DAYS,no edit during 28-day freeze,intent overlaps freeze family: real-estate-loan
/posts/personalFinance/rent-jeonse-buy-cashflow-opportunity-cost,ko,post,"전세·월세·매매, 무엇이 ‘더 싸다’가 아니라 무엇이 ‘내게 더 안전하다’인가: 현금흐름·기회비용·리스크 3표로 끝내기",재테크,"[""전세"",""월세"",""매매"",""주거의사결정"",""현금흐름"",""기회비용"",""대출"",""금리"",""리스크트리거"",""서울아파트"",""경기아파트"",""인천아파트"",""실거래"",""대시보드""]",2026-02-03,0,1,real-estate-loan,FALSE,FALSE,DATA_REQUIRED,real-estate-loan,REVIEW_AFTER_28_DAYS,no edit during 28-day freeze,intent overlaps freeze family: real-estate-loan
/posts/personalFinance/salary-40m-mortgage-limit,ko,post,연봉 4000만원 주담대 가능액 계산: DSR 40% 기준으로 어디까지 볼까,재테크,"[""연봉 4000만원"", ""주담대 가능액"", ""DSR 40%"", ""LTV 계산"", ""아파트 예산"", ""대출 가능액"", ""DSR 계산기""]",2026-06-24,DATA_REQUIRED,DATA_REQUIRED,real-estate-loan,FALSE,FALSE,DATA_REQUIRED,real-estate-loan,REVIEW_AFTER_28_DAYS,no edit during 28-day freeze,intent overlaps freeze family: real-estate-loan
/posts/personalFinance/salary-50m-dsr-40-loan-limit,ko,post,연봉 5000만원 DSR 40% 대출 가능액: 기존부채까지 넣어 계산하기,재테크,"[""연봉 5000만원"", ""DSR 40%"", ""대출 가능액"", ""주담대 한도"", ""기존부채"", ""LTV 계산"", ""DSR 계산기""]",2026-06-24,DATA_REQUIRED,DATA_REQUIRED,real-estate-loan,FALSE,FALSE,DATA_REQUIRED,real-estate-loan,REVIEW_AFTER_28_DAYS,no edit during 28-day freeze,intent overlaps freeze family: real-estate-loan
/posts/economicInfo/inflation-rate-basics,ko,post,물가와 금리의 기본 이해: 왜 금리가 오르면 시장이 흔들릴까?,경제정보,"[""물가"",""금리"",""인플레이션"",""기준금리"",""통화정책"",""경제기초""]",2026-02-24,21,2362,real-estate-loan,FALSE,TRUE,DATA_REQUIRED,none_detected,DO_NOT_TOUCH,no edit during 28-day freeze,representative/top page
/posts/investingInfo/bond-etf-duration-drives-returns,ko,post,채권 ETF와 듀레이션: 금리 1%p 변화가 수익률을 얼마나 흔드는가,투자정보,"[""채권ETF"", ""듀레이션"", ""TNX"", ""미국10년물"", ""금리민감도"", ""컨벡서티"", ""롤다운"", ""기간프리미엄"", ""총수익"", ""리밸런싱"", ""현금흐름"", ""단기채"", ""장기채"", ""TIPS""]",2026-06-19,3,151,real-estate-loan,FALSE,TRUE,DATA_REQUIRED,none_detected,DO_NOT_TOUCH,no edit during 28-day freeze,representative/top page
/posts/investingInfo/cagr-7percent-reality-check,ko,post,cagr-7percent-reality-check,,,2026-06-19,4,1533,compound-goal,FALSE,TRUE,DATA_REQUIRED,CAGR,DO_NOT_TOUCH,no edit during 28-day freeze,representative/top page
/posts/investingInfo/dxy-dollar-index-basics,ko,post,DXY(달러인덱스)란 무엇인가? 투자자가 꼭 알아야 할 의미 정리,투자정보,"[""DXY"", ""달러인덱스"", ""거시경제"", ""환율"", ""미국달러""]",2025-11-23,5,2575,macro-market,FALSE,TRUE,DATA_REQUIRED,none_detected,DO_NOT_TOUCH,no edit during 28-day freeze,representative/top page
/posts/investingInfo/usd-krw-exchange-rate-and-kospi,ko,post,원달러 환율이 한국 경제와 코스피에 미치는 영향: 외국인 수급·수출·물가·금리로 읽는 법,투자정보,"[""원달러환율"", ""USD/KRW"", ""환율"", ""코스피"", ""외국인수급"", ""수출"", ""물가"", ""금리"", ""달러강세"", ""DXY""]",2026-05-18,7,2985,macro-market,FALSE,TRUE,DATA_REQUIRED,none_detected,DO_NOT_TOUCH,no edit during 28-day freeze,representative/top page
/posts/investingInfo/usd-krw-weak-won-sector-map-kospi,ko,post,환율 상승 수혜주·피해주: 원화 약세 때 코스피 업종 정리,투자정보,"[""원달러환율"", ""원화약세"", ""환율상승"", ""수혜주"", ""피해주"", ""코스피"", ""업종분석"", ""외국인수급""]",2026-05-18,40,1365,macro-market,FALSE,TRUE,DATA_REQUIRED,none_detected,DO_NOT_TOUCH,no edit during 28-day freeze,representative/top page
/posts/investingInfo/why-check-cagr-etf,ko,post,ETF·펀드 선택 시 CAGR을 반드시 확인해야 하는 이유,투자정보,"[""CAGR"", ""ETF선택"", ""펀드고르는법"", ""연평균복리수익률"", ""장기투자"", ""레버리지ETF""]",2025-11-29,2,1284,compound-goal,FALSE,TRUE,DATA_REQUIRED,CAGR,DO_NOT_TOUCH,no edit during 28-day freeze,representative/top page
/posts/investingInfo/wti-impact-on-korea-kospi,ko,post,WTI 유가가 한국 경제·코스피에 미치는 영향: 물가·환율·금리·기업이익으로 이어지는 5단 연결,투자정보,"[""WTI"",""유가"",""원유"",""코스피"",""한국경제"",""인플레이션"",""환율"",""금리"",""기업이익"",""업종별영향""]",2026-02-24,6,100,real-estate-loan,FALSE,TRUE,DATA_REQUIRED,none_detected,DO_NOT_TOUCH,no edit during 28-day freeze,representative/top page
/posts/personalFinance/annual-vs-monthly-compound,ko,post,연복리 vs 월복리: 목표 도달 기간은 얼마나 달라질까?,재테크,"[""연복리"", ""월복리"", ""복리계산"", ""투자기초"", ""시간가치""]",2026-07-08,9,334,compound-goal,FALSE,TRUE,DATA_REQUIRED,compound,DO_NOT_TOUCH,no edit during 28-day freeze,representative/top page
/posts/personalFinance/compound-return-3-5-7-10-table,ko,post,"연 3%·5%·7%·10% 복리 차이, 10년·20년·30년 뒤 얼마일까?",재테크,"[""복리"", ""복리 계산"", ""장기투자"", ""수익률 비교"", ""월 적립식 투자"", ""CAGR"", ""백링크 자료""]",2026-06-01,9,84,compound-goal,FALSE,TRUE,DATA_REQUIRED,CAGR,DO_NOT_TOUCH,no edit during 28-day freeze,representative/top page
/posts/personalFinance/dca-step-up-ruleset,ko,post,DCA의 핵심은 ‘월 납입액 설계’다: 증액(스텝업)·감액·일시중단 조건을 운영규칙으로 만드는 법,재테크,,2026-02-04,3,39,compound-goal,FALSE,TRUE,DATA_REQUIRED,DCA,DO_NOT_TOUCH,no edit during 28-day freeze,representative/top page
/posts/personalFinance/dsr-40-income-loan-limit-table,ko,post,DSR 40% 연봉별 대출 가능액 표,재테크,"[""DSR 계산기"", ""LTV 계산기"", ""주담대 한도"", ""아파트 구매 가능 금액"", ""대출 가능액"", ""부동산 실거래"", ""원리금균등""]",2026-07-22,18,541,real-estate-loan,TRUE,TRUE,DATA_REQUIRED,real-estate-loan,DO_NOT_TOUCH,no edit during 28-day freeze,freeze URL; representative/top page
/posts/personalFinance/how-much-per-month-for-100m,ko,post,1억 모으려면 월 얼마? 5년·10년·15년 필요 투자금,재테크,"[""1억 모으기"", ""월 투자금"", ""목표 자산"", ""재테크 계획"", ""복리"", ""적립식 투자"", ""목표자산 계산기"", ""DCA""]",2026-07-08,3,148,compound-goal,FALSE,TRUE,DATA_REQUIRED,compound,DO_NOT_TOUCH,no edit during 28-day freeze,representative/top page
/posts/personalFinance/simple-vs-compound,ko,post,단리 vs 복리: 월 30만원 예시로 보는 장기 자산 차이,재테크,"[""단리"",""복리"",""복리효과"",""금융기초"",""사회초년생"",""예금"",""적금"",""CAGR"",""적립식"",""투자습관""]",2026-07-08,3,254,compound-goal,FALSE,TRUE,DATA_REQUIRED,CAGR,DO_NOT_TOUCH,no edit during 28-day freeze,representative/top page
/posts/personalFinance/what-is-cagr,ko,post,CAGR이란 무엇인가? 단순 수익률과의 차이 이해하기,재테크,"[""CAGR"", ""수익률"", ""투자기초"", ""복리수익률"", ""연평균수익률"", ""단순수익률""]",2026-07-22,54,5096,dca-cagr,TRUE,TRUE,DATA_REQUIRED,CAGR,DO_NOT_TOUCH,no edit during 28-day freeze,freeze URL; representative/top page
