risk_id,query_family,primary_url,competing_urls,risk_level,evidence,recommendation
CAN-001,CAGR,/tools/cagr-calculator,/posts/personalFinance/what-is-cagr | /posts/investingInfo/cagr-7percent-reality-check | /posts/investingInfo/why-check-cagr-etf | /en/posts/personalFinance/what-is-cagr,HIGH,Naver rows show both calculator and definition article receiving CAGR clicks,Freeze all primary/competing edits for 28 days; later assign calculator to calculation intent and article to definition intent
CAN-002,compound / monthly compound,/tools/compound-interest,/posts/personalFinance/annual-vs-monthly-compound | /posts/personalFinance/simple-vs-compound-interest | /posts/personalFinance/compound-return-calculation | /tools/goal-simulator,HIGH,GSC compound impressions collapsed; several posts can answer overlapping formula intent,No title/H1/internal-link edits during freeze; review query split after 28 days
CAN-003,DSR / LTV,/tools/dsr-ltv-calculator,/posts/personalFinance/dsr-40-income-loan-limit-table | /posts/personalFinance/dsr-ltv-meaning-loan-limit | /tools/home-buying-budget-calculator | /tools/mortgage-loan-calculator,HIGH,Naver clicks rising around DSR/LTV calculator queries while adjacent loan pages overlap,Protect calculator and DSR table; use no-op observation only
CAN-004,home buying budget,/tools/home-buying-budget-calculator,/tools/dsr-ltv-calculator | /tools/mortgage-loan-calculator | /market/real-estate | /posts/personalFinance/seoul-apartment-buying-guide,MEDIUM_HIGH,Naver query evidence exists but direct page baseline is missing,Export direct page data before any content work
CAN-005,DCA / CAGR,/tools/dca-calculator,/tools/cagr-calculator | /posts/investingInfo/lump-sum-vs-dca-market-cycle | /en/posts/investingInfo/lump-sum-vs-dca-market-cycle,MEDIUM,DCA and return-measurement content can compete for investment simulation queries,Only design data backlog during freeze; publish after review
CAN-006,target portfolio / monthly investment,/tools/goal-simulator,/posts/personalFinance/how-much-per-month-for-100m | /posts/personalFinance/monthly-investment-target-return-table | /en/tools/goal-simulator,MEDIUM_HIGH,Goal simulator is a representative calculator and linked to monthly saving queries,Do not refresh these support posts until 28-day data is read
CAN-007,real estate dashboard / apartment prices,/market/real-estate,/market/real-estate/top100/* | /posts/realEstate/seoul-apartment-market-dashboard-guide | /posts/realEstate/gyeonggi-apartment-market-dashboard-guide,HIGH,"Dashboard, top100 routes, and regional guides can overlap on apartment price intent",Freeze dashboard; classify regional guide edits as review-after-freeze
CAN-008,DXY / USD-KRW / macro FX,/posts/investingInfo/dxy-dollar-index-basics,/posts/investingInfo/usd-krw-exchange-rate-basics | /posts/investingInfo/weak-won-stock-market-impact | /en/posts/investingInfo/dxy-dollar-index-basics,MEDIUM,Google data backlog would reuse these entities and could create overlapping explainers,"Prefer new data pages with unique empirical question, not glossary refresh"
CAN-009,FIRE,/tools/fire-calculator,/posts/personalFinance/fire-calculator-how-much-needed | /posts/personalFinance/fire-number-target-portfolio | /en/tools/fire-calculator,LOW_MEDIUM,FIRE query family not in freeze minimum but has representative tool role,Keep out of safe refresh pool until Naver/GSC query export expands
