date,raw_date_label,date_reconstructed,date_reconstruction_reason,impressions,clicks,ctr,source,input_file,input_column
2026-04-23,4.23,true,filename_range_column_sequence,5,0,0,naver,reports\search-performance-input\naver-daily-2026-04-23_2026-07-19.csv,2
2026-04-24,4.24,true,filename_range_column_sequence,6,0,0,naver,reports\search-performance-input\naver-daily-2026-04-23_2026-07-19.csv,3
2026-04-25,4.25,true,filename_range_column_sequence,10,0,0,naver,reports\search-performance-input\naver-daily-2026-04-23_2026-07-19.csv,4
2026-04-26,4.26,true,filename_range_column_sequence,6,0,0,naver,reports\search-performance-input\naver-daily-2026-04-23_2026-07-19.csv,5
2026-04-27,4.27,true,filename_range_column_sequence,5,0,0,naver,reports\search-performance-input\naver-daily-2026-04-23_2026-07-19.csv,6
2026-04-28,4.28,true,filename_range_column_sequence,6,1,0.16666666666666666,naver,reports\search-performance-input\naver-daily-2026-04-23_2026-07-19.csv,7
2026-04-29,4.29,true,filename_range_column_sequence,7,0,0,naver,reports\search-performance-input\naver-daily-2026-04-23_2026-07-19.csv,8
2026-04-30,4.3,true,filename_range_column_sequence,10,1,0.1,naver,reports\search-performance-input\naver-daily-2026-04-23_2026-07-19.csv,9
2026-05-01,5.01,true,filename_range_column_sequence,4,1,0.25,naver,reports\search-performance-input\naver-daily-2026-04-23_2026-07-19.csv,10
2026-05-02,5.02,true,filename_range_column_sequence,7,0,0,naver,reports\search-performance-input\naver-daily-2026-04-23_2026-07-19.csv,11
2026-05-03,5.03,true,filename_range_column_sequence,21,0,0,naver,reports\search-performance-input\naver-daily-2026-04-23_2026-07-19.csv,12
2026-05-04,5.04,true,filename_range_column_sequence,52,0,0,naver,reports\search-performance-input\naver-daily-2026-04-23_2026-07-19.csv,13
2026-05-05,5.05,true,filename_range_column_sequence,36,0,0,naver,reports\search-performance-input\naver-daily-2026-04-23_2026-07-19.csv,14
2026-05-06,5.06,true,filename_range_column_sequence,71,0,0,naver,reports\search-performance-input\naver-daily-2026-04-23_2026-07-19.csv,15
2026-05-07,5.07,true,filename_range_column_sequence,47,3,0.06382978723404255,naver,reports\search-performance-input\naver-daily-2026-04-23_2026-07-19.csv,16
2026-05-08,5.08,true,filename_range_column_sequence,25,0,0,naver,reports\search-performance-input\naver-daily-2026-04-23_2026-07-19.csv,17
2026-05-09,5.09,true,filename_range_column_sequence,36,3,0.08333333333333333,naver,reports\search-performance-input\naver-daily-2026-04-23_2026-07-19.csv,18
2026-05-10,5.1,true,filename_range_column_sequence,48,10,0.20833333333333334,naver,reports\search-performance-input\naver-daily-2026-04-23_2026-07-19.csv,19
2026-05-11,5.11,true,filename_range_column_sequence,49,0,0,naver,reports\search-performance-input\naver-daily-2026-04-23_2026-07-19.csv,20
2026-05-12,5.12,true,filename_range_column_sequence,32,3,0.09375,naver,reports\search-performance-input\naver-daily-2026-04-23_2026-07-19.csv,21
2026-05-13,5.13,true,filename_range_column_sequence,54,4,0.07407407407407407,naver,reports\search-performance-input\naver-daily-2026-04-23_2026-07-19.csv,22
2026-05-14,5.14,true,filename_range_column_sequence,58,0,0,naver,reports\search-performance-input\naver-daily-2026-04-23_2026-07-19.csv,23
2026-05-15,5.15,true,filename_range_column_sequence,71,0,0,naver,reports\search-performance-input\naver-daily-2026-04-23_2026-07-19.csv,24
2026-05-16,5.16,true,filename_range_column_sequence,32,0,0,naver,reports\search-performance-input\naver-daily-2026-04-23_2026-07-19.csv,25
2026-05-17,5.17,true,filename_range_column_sequence,29,0,0,naver,reports\search-performance-input\naver-daily-2026-04-23_2026-07-19.csv,26
2026-05-18,5.18,true,filename_range_column_sequence,38,0,0,naver,reports\search-performance-input\naver-daily-2026-04-23_2026-07-19.csv,27
2026-05-19,5.19,true,filename_range_column_sequence,46,2,0.043478260869565216,naver,reports\search-performance-input\naver-daily-2026-04-23_2026-07-19.csv,28
2026-05-20,5.2,true,filename_range_column_sequence,54,5,0.09259259259259259,naver,reports\search-performance-input\naver-daily-2026-04-23_2026-07-19.csv,29
2026-05-21,5.21,true,filename_range_column_sequence,103,5,0.04854368932038835,naver,reports\search-performance-input\naver-daily-2026-04-23_2026-07-19.csv,30
2026-05-22,5.22,true,filename_range_column_sequence,101,2,0.019801980198019802,naver,reports\search-performance-input\naver-daily-2026-04-23_2026-07-19.csv,31
2026-05-23,5.23,true,filename_range_column_sequence,167,5,0.029940119760479042,naver,reports\search-performance-input\naver-daily-2026-04-23_2026-07-19.csv,32
2026-05-24,5.24,true,filename_range_column_sequence,291,5,0.01718213058419244,naver,reports\search-performance-input\naver-daily-2026-04-23_2026-07-19.csv,33
2026-05-25,5.25,true,filename_range_column_sequence,392,5,0.012755102040816327,naver,reports\search-performance-input\naver-daily-2026-04-23_2026-07-19.csv,34
2026-05-26,5.26,true,filename_range_column_sequence,952,7,0.007352941176470588,naver,reports\search-performance-input\naver-daily-2026-04-23_2026-07-19.csv,35
2026-05-27,5.27,true,filename_range_column_sequence,947,20,0.021119324181626188,naver,reports\search-performance-input\naver-daily-2026-04-23_2026-07-19.csv,36
2026-05-28,5.28,true,filename_range_column_sequence,923,7,0.007583965330444204,naver,reports\search-performance-input\naver-daily-2026-04-23_2026-07-19.csv,37
2026-05-29,5.29,true,filename_range_column_sequence,845,11,0.01301775147928994,naver,reports\search-performance-input\naver-daily-2026-04-23_2026-07-19.csv,38
2026-05-30,5.3,true,filename_range_column_sequence,498,2,0.004016064257028112,naver,reports\search-performance-input\naver-daily-2026-04-23_2026-07-19.csv,39
2026-05-31,5.31,true,filename_range_column_sequence,652,8,0.012269938650306749,naver,reports\search-performance-input\naver-daily-2026-04-23_2026-07-19.csv,40
2026-06-01,6.01,true,filename_range_column_sequence,1576,20,0.012690355329949238,naver,reports\search-performance-input\naver-daily-2026-04-23_2026-07-19.csv,41
2026-06-02,6.02,true,filename_range_column_sequence,1289,12,0.009309542280837859,naver,reports\search-performance-input\naver-daily-2026-04-23_2026-07-19.csv,42
2026-06-03,6.03,true,filename_range_column_sequence,768,8,0.010416666666666666,naver,reports\search-performance-input\naver-daily-2026-04-23_2026-07-19.csv,43
2026-06-04,6.04,true,filename_range_column_sequence,1830,20,0.01092896174863388,naver,reports\search-performance-input\naver-daily-2026-04-23_2026-07-19.csv,44
2026-06-05,6.05,true,filename_range_column_sequence,2038,28,0.013738959764474975,naver,reports\search-performance-input\naver-daily-2026-04-23_2026-07-19.csv,45
2026-06-06,6.06,true,filename_range_column_sequence,1661,21,0.012642986152919929,naver,reports\search-performance-input\naver-daily-2026-04-23_2026-07-19.csv,46
2026-06-07,6.07,true,filename_range_column_sequence,1396,32,0.022922636103151862,naver,reports\search-performance-input\naver-daily-2026-04-23_2026-07-19.csv,47
2026-06-08,6.08,true,filename_range_column_sequence,2586,26,0.010054137664346482,naver,reports\search-performance-input\naver-daily-2026-04-23_2026-07-19.csv,48
2026-06-09,6.09,true,filename_range_column_sequence,2139,23,0.010752688172043012,naver,reports\search-performance-input\naver-daily-2026-04-23_2026-07-19.csv,49
2026-06-10,6.1,true,filename_range_column_sequence,1564,19,0.012148337595907928,naver,reports\search-performance-input\naver-daily-2026-04-23_2026-07-19.csv,50
2026-06-11,6.11,true,filename_range_column_sequence,1206,8,0.006633499170812604,naver,reports\search-performance-input\naver-daily-2026-04-23_2026-07-19.csv,51
2026-06-12,6.12,true,filename_range_column_sequence,942,4,0.004246284501061571,naver,reports\search-performance-input\naver-daily-2026-04-23_2026-07-19.csv,52
2026-06-13,6.13,true,filename_range_column_sequence,546,6,0.01098901098901099,naver,reports\search-performance-input\naver-daily-2026-04-23_2026-07-19.csv,53
2026-06-14,6.14,true,filename_range_column_sequence,543,8,0.014732965009208104,naver,reports\search-performance-input\naver-daily-2026-04-23_2026-07-19.csv,54
2026-06-15,6.15,true,filename_range_column_sequence,1154,6,0.005199306759098787,naver,reports\search-performance-input\naver-daily-2026-04-23_2026-07-19.csv,55
2026-06-16,6.16,true,filename_range_column_sequence,1143,7,0.006124234470691163,naver,reports\search-performance-input\naver-daily-2026-04-23_2026-07-19.csv,56
2026-06-17,6.17,true,filename_range_column_sequence,1242,7,0.005636070853462158,naver,reports\search-performance-input\naver-daily-2026-04-23_2026-07-19.csv,57
2026-06-18,6.18,true,filename_range_column_sequence,1136,10,0.008802816901408451,naver,reports\search-performance-input\naver-daily-2026-04-23_2026-07-19.csv,58
2026-06-19,6.19,true,filename_range_column_sequence,1015,8,0.007881773399014778,naver,reports\search-performance-input\naver-daily-2026-04-23_2026-07-19.csv,59
2026-06-20,6.2,true,filename_range_column_sequence,435,4,0.009195402298850575,naver,reports\search-performance-input\naver-daily-2026-04-23_2026-07-19.csv,60
2026-06-21,6.21,true,filename_range_column_sequence,503,10,0.019880715705765408,naver,reports\search-performance-input\naver-daily-2026-04-23_2026-07-19.csv,61
2026-06-22,6.22,true,filename_range_column_sequence,1173,5,0.004262574595055414,naver,reports\search-performance-input\naver-daily-2026-04-23_2026-07-19.csv,62
2026-06-23,6.23,true,filename_range_column_sequence,1049,5,0.004766444232602479,naver,reports\search-performance-input\naver-daily-2026-04-23_2026-07-19.csv,63
2026-06-24,6.24,true,filename_range_column_sequence,1123,8,0.007123775601068566,naver,reports\search-performance-input\naver-daily-2026-04-23_2026-07-19.csv,64
2026-06-25,6.25,true,filename_range_column_sequence,920,8,0.008695652173913044,naver,reports\search-performance-input\naver-daily-2026-04-23_2026-07-19.csv,65
2026-06-26,6.26,true,filename_range_column_sequence,970,6,0.006185567010309278,naver,reports\search-performance-input\naver-daily-2026-04-23_2026-07-19.csv,66
2026-06-27,6.27,true,filename_range_column_sequence,569,4,0.007029876977152899,naver,reports\search-performance-input\naver-daily-2026-04-23_2026-07-19.csv,67
2026-06-28,6.28,true,filename_range_column_sequence,608,6,0.009868421052631578,naver,reports\search-performance-input\naver-daily-2026-04-23_2026-07-19.csv,68
2026-06-29,6.29,true,filename_range_column_sequence,1267,11,0.008681925808997633,naver,reports\search-performance-input\naver-daily-2026-04-23_2026-07-19.csv,69
2026-06-30,6.3,true,filename_range_column_sequence,932,6,0.006437768240343348,naver,reports\search-performance-input\naver-daily-2026-04-23_2026-07-19.csv,70
2026-07-01,7.01,true,filename_range_column_sequence,1743,10,0.005737234652897304,naver,reports\search-performance-input\naver-daily-2026-04-23_2026-07-19.csv,71
2026-07-02,7.02,true,filename_range_column_sequence,2577,10,0.0038804811796662787,naver,reports\search-performance-input\naver-daily-2026-04-23_2026-07-19.csv,72
2026-07-03,7.03,true,filename_range_column_sequence,2191,10,0.004564125969876769,naver,reports\search-performance-input\naver-daily-2026-04-23_2026-07-19.csv,73
2026-07-04,7.04,true,filename_range_column_sequence,1840,2,0.0010869565217391304,naver,reports\search-performance-input\naver-daily-2026-04-23_2026-07-19.csv,74
2026-07-05,7.05,true,filename_range_column_sequence,1915,7,0.0036553524804177544,naver,reports\search-performance-input\naver-daily-2026-04-23_2026-07-19.csv,75
2026-07-06,7.06,true,filename_range_column_sequence,2804,16,0.005706134094151213,naver,reports\search-performance-input\naver-daily-2026-04-23_2026-07-19.csv,76
2026-07-07,7.07,true,filename_range_column_sequence,2517,11,0.004370282081843465,naver,reports\search-performance-input\naver-daily-2026-04-23_2026-07-19.csv,77
2026-07-08,7.08,true,filename_range_column_sequence,2403,9,0.003745318352059925,naver,reports\search-performance-input\naver-daily-2026-04-23_2026-07-19.csv,78
2026-07-09,7.09,true,filename_range_column_sequence,2587,8,0.0030923850019327404,naver,reports\search-performance-input\naver-daily-2026-04-23_2026-07-19.csv,79
2026-07-10,7.1,true,filename_range_column_sequence,2282,9,0.003943908851884312,naver,reports\search-performance-input\naver-daily-2026-04-23_2026-07-19.csv,80
2026-07-11,7.11,true,filename_range_column_sequence,1568,3,0.001913265306122449,naver,reports\search-performance-input\naver-daily-2026-04-23_2026-07-19.csv,81
2026-07-12,7.12,true,filename_range_column_sequence,1606,6,0.0037359900373599006,naver,reports\search-performance-input\naver-daily-2026-04-23_2026-07-19.csv,82
2026-07-13,7.13,true,filename_range_column_sequence,2498,12,0.004803843074459567,naver,reports\search-performance-input\naver-daily-2026-04-23_2026-07-19.csv,83
2026-07-14,7.14,true,filename_range_column_sequence,2313,10,0.00432338953739732,naver,reports\search-performance-input\naver-daily-2026-04-23_2026-07-19.csv,84
2026-07-15,7.15,true,filename_range_column_sequence,2187,8,0.003657978966620942,naver,reports\search-performance-input\naver-daily-2026-04-23_2026-07-19.csv,85
2026-07-16,7.16,true,filename_range_column_sequence,2202,16,0.007266121707538601,naver,reports\search-performance-input\naver-daily-2026-04-23_2026-07-19.csv,86
2026-07-17,7.17,true,filename_range_column_sequence,1636,8,0.004889975550122249,naver,reports\search-performance-input\naver-daily-2026-04-23_2026-07-19.csv,87
2026-07-18,7.18,true,filename_range_column_sequence,1928,6,0.0031120331950207467,naver,reports\search-performance-input\naver-daily-2026-04-23_2026-07-19.csv,88
2026-07-19,7.19,true,filename_range_column_sequence,2261,6,0.0026536930561698365,naver,reports\search-performance-input\naver-daily-2026-04-23_2026-07-19.csv,89
