path,url,width,viewport,referrer,pass,httpStatus,navigationError,adsenseCategory,hydrationErrorCount,reactErrorCodes,pageErrorCount,consoleErrorCount,fatalConsoleCount,adBootstrapScriptCount,adBootstrapRequestCount,adScriptAfterNext,hasDataNscript,scriptDefer,crossoriginOk,publisherClientOk,slotCount,slotPushedCount,slotFailedCount,slotStatusCount,filledSlotCount,unfilledSlotCount,adRequestCount,adsbygoogleType,adsbygooglePushType,adsbygoogleLength,firstSlotPushAttempts,networkBlocked,consoleErrors,pageErrors
/,https://www.finmaphub.com/,320,320,direct_clean_context,true,200,,AD_REQUEST_SENT_NO_FILL,0,,0,0,0,1,1,true,false,true,true,true,2,0,0,2,0,1,5,object,function,,,false,,
/,https://www.finmaphub.com/,390,390,direct_clean_context,true,200,,AD_REQUEST_SENT_FILLED,0,,0,0,0,1,1,true,false,true,true,true,4,0,0,4,2,1,38,object,function,,,false,,
/,https://www.finmaphub.com/,1280,1280,direct_clean_context,true,200,,AD_REQUEST_SENT_FILLED,0,,0,0,0,1,1,true,false,true,true,true,4,0,0,4,2,2,39,object,function,,,false,,
/tools/compound-interest,https://www.finmaphub.com/tools/compound-interest,320,320,direct_clean_context,true,200,,AD_REQUEST_SENT_FILLED,0,,0,0,0,1,2,true,false,true,true,true,4,0,0,4,2,1,57,object,function,,,false,,
/tools/compound-interest,https://www.finmaphub.com/tools/compound-interest,390,390,direct_clean_context,true,200,,AD_REQUEST_SENT_FILLED,0,,0,0,0,1,1,true,false,true,true,true,4,0,0,4,2,1,39,object,function,,,false,,
/tools/compound-interest,https://www.finmaphub.com/tools/compound-interest,1280,1280,direct_clean_context,true,200,,AD_REQUEST_SENT_FILLED,0,,0,0,0,1,1,true,false,true,true,true,4,0,0,4,2,1,60,object,function,,,false,,
/tools/dsr-ltv-calculator,https://www.finmaphub.com/tools/dsr-ltv-calculator,320,320,direct_clean_context,false,200,,SLOT_PUSH_FAILED,1,418,1,1,1,1,1,true,false,true,true,true,9,0,0,7,4,1,73,object,function,,,false,error: Error: no_div,Minified React error #418; visit https://react.dev/errors/418?args[]=HTML&args[]= for the full message or use the non-minified dev environment for full errors and additional helpful warnings.
/tools/dsr-ltv-calculator,https://www.finmaphub.com/tools/dsr-ltv-calculator,390,390,direct_clean_context,false,200,,SLOT_PUSH_FAILED,1,418,1,1,1,1,1,true,false,true,true,true,9,0,0,7,4,1,74,object,function,,,false,error: Error: no_div,Minified React error #418; visit https://react.dev/errors/418?args[]=HTML&args[]= for the full message or use the non-minified dev environment for full errors and additional helpful warnings.
/tools/dsr-ltv-calculator,https://www.finmaphub.com/tools/dsr-ltv-calculator,1280,1280,direct_clean_context,false,200,,SLOT_PUSH_FAILED,1,418,1,1,1,1,1,true,false,true,true,true,8,0,0,6,4,1,68,object,function,,,false,error: Error: no_div,Minified React error #418; visit https://react.dev/errors/418?args[]=HTML&args[]= for the full message or use the non-minified dev environment for full errors and additional helpful warnings.
/tools/home-buying-budget-calculator,https://www.finmaphub.com/tools/home-buying-budget-calculator,320,320,direct_clean_context,false,200,,SLOT_PUSH_FAILED,1,418,1,1,1,1,1,true,false,true,true,true,9,0,0,7,3,2,56,object,function,,,false,error: Error: no_div,Minified React error #418; visit https://react.dev/errors/418?args[]=HTML&args[]= for the full message or use the non-minified dev environment for full errors and additional helpful warnings.
/tools/home-buying-budget-calculator,https://www.finmaphub.com/tools/home-buying-budget-calculator,390,390,direct_clean_context,false,200,,SLOT_PUSH_FAILED,1,418,1,1,1,1,1,true,false,true,true,true,9,0,0,7,3,2,51,object,function,,,false,error: Error: no_div,Minified React error #418; visit https://react.dev/errors/418?args[]=HTML&args[]= for the full message or use the non-minified dev environment for full errors and additional helpful warnings.
/tools/home-buying-budget-calculator,https://www.finmaphub.com/tools/home-buying-budget-calculator,1280,1280,direct_clean_context,false,200,,SLOT_PUSH_FAILED,1,418,1,2,1,1,1,false,false,true,true,true,8,0,0,6,4,1,72,object,function,,,false,"error: Error: no_div|error: Framing 'https://www.google.com/' violates the following report-only Content Security Policy directive: ""frame-ancestors 'self'"". The violation has been logged, but no further action has been taken.
",Minified React error #418; visit https://react.dev/errors/418?args[]=HTML&args[]= for the full message or use the non-minified dev environment for full errors and additional helpful warnings.
/tools/mortgage-loan-calculator,https://www.finmaphub.com/tools/mortgage-loan-calculator,320,320,direct_clean_context,false,200,,SLOT_PUSH_FAILED,1,418,1,1,1,1,1,true,false,true,true,true,4,0,0,4,2,1,37,object,function,,,false,error: Error: no_div,Minified React error #418; visit https://react.dev/errors/418?args[]=HTML&args[]= for the full message or use the non-minified dev environment for full errors and additional helpful warnings.
/tools/mortgage-loan-calculator,https://www.finmaphub.com/tools/mortgage-loan-calculator,390,390,direct_clean_context,false,200,,SLOT_PUSH_FAILED,1,418,1,1,1,1,1,true,false,true,true,true,4,0,0,4,2,1,36,object,function,,,false,error: Error: no_div,Minified React error #418; visit https://react.dev/errors/418?args[]=HTML&args[]= for the full message or use the non-minified dev environment for full errors and additional helpful warnings.
/tools/mortgage-loan-calculator,https://www.finmaphub.com/tools/mortgage-loan-calculator,1280,1280,direct_clean_context,false,200,,SLOT_PUSH_FAILED,1,418,1,1,1,1,1,true,false,true,true,true,3,0,0,3,1,1,23,object,function,,,false,error: Error: no_div,Minified React error #418; visit https://react.dev/errors/418?args[]=HTML&args[]= for the full message or use the non-minified dev environment for full errors and additional helpful warnings.
/posts/personalFinance/what-is-cagr,https://www.finmaphub.com/posts/personalFinance/what-is-cagr,320,320,direct_clean_context,true,200,,AD_REQUEST_SENT_FILLED,0,,0,0,0,1,1,true,false,true,true,true,9,1,0,6,4,1,72,object,function,,1,false,,
/posts/personalFinance/what-is-cagr,https://www.finmaphub.com/posts/personalFinance/what-is-cagr,390,390,direct_clean_context,true,200,,AD_REQUEST_SENT_FILLED,0,,0,0,0,1,1,true,false,true,true,true,9,1,0,6,4,1,71,object,function,,1,false,,
/posts/personalFinance/what-is-cagr,https://www.finmaphub.com/posts/personalFinance/what-is-cagr,1280,1280,direct_clean_context,true,200,,AD_REQUEST_SENT_FILLED,0,,0,0,0,1,2,true,false,true,true,true,9,1,0,6,3,2,68,object,function,,1,false,,
/posts/personalFinance/dsr-40-income-loan-limit-table,https://www.finmaphub.com/posts/personalFinance/dsr-40-income-loan-limit-table,320,320,direct_clean_context,true,200,,AD_REQUEST_SENT_FILLED,0,,0,0,0,1,1,true,false,true,true,true,8,1,0,5,3,1,54,object,function,,1,false,,
/posts/personalFinance/dsr-40-income-loan-limit-table,https://www.finmaphub.com/posts/personalFinance/dsr-40-income-loan-limit-table,390,390,direct_clean_context,true,200,,AD_REQUEST_SENT_FILLED,0,,0,0,0,1,1,true,false,true,true,true,9,1,0,6,4,1,76,object,function,,1,false,,
/posts/personalFinance/dsr-40-income-loan-limit-table,https://www.finmaphub.com/posts/personalFinance/dsr-40-income-loan-limit-table,1280,1280,direct_clean_context,true,200,,AD_REQUEST_SENT_FILLED,0,,0,0,0,1,1,true,false,true,true,true,8,1,0,5,3,1,56,object,function,,1,false,,
