url,locale,content_type,category,role,title,h1,description_length,inbound_internal_links,outbound_internal_links,overlap_group,gsc_clicks,gsc_impressions,gsc_ctr,gsc_position,gsc_actual_date_start,gsc_actual_date_end,naver_top30_clicks,naver_top30_impressions,naver_top30_ctr,naver_top30_rank,naver_is_top30,naver_coverage_type,bing_clicks,bing_impressions,bing_ctr,bing_position,known_clicks,known_impressions,known_clicks_excluding_naver_total,known_impressions_excluding_naver_total,platform_observed_clicks,platform_observed_impressions,platform_count,query_count,top_queries,opportunity_type,opportunity_score,recommended_action,data_confidence,manual_review_required
/en/posts/personalFinance/is-dca-better-in-a-bear-market,en,post,personalFinance,EN_MAINTENANCE_ONLY,Is Dollar-Cost Averaging Better in a Bear Market?,Is Dollar-Cost Averaging Better in a Bear Market?,200,0,4,dca-cagr,0,3,0,4.67,2026-06-17,2026-07-19,,,,,false,,0,349,0,3.88,0,352,0,352,0,352,2,,,QUICK_WIN,100,P1-1B title/description/intro SERP alignment review,SUFFICIENT,false
/en/posts/personalFinance/annual-vs-monthly-compound,en,post,personalFinance,EN_MAINTENANCE_ONLY,Annual vs Monthly Compounding: Which Grows Faster?,Annual vs Monthly Compounding: Which Grows Faster?,210,5,5,compound-goal,0,5,0,9.6,2026-06-17,2026-07-19,,,,,false,,0,145,0,8.61,0,150,0,150,0,150,2,,,QUICK_WIN,91,P1-1B title/description/intro SERP alignment review,SUFFICIENT,false
/en/posts/investingInfo/dxy-dollar-index-basics,en,post,investingInfo,EN_MAINTENANCE_ONLY,"What Is DXY? Dollar Index, USD/KRW, and KOSPI Explained","What Is DXY? Dollar Index, USD/KRW, and KOSPI Explained",128,15,4,macro-market,,,,,,,,,,,false,,0,300,0,8.32,0,300,0,300,0,300,1,,,QUICK_WIN,85,P1-1B title/description/intro SERP alignment review,SUFFICIENT,false
/en/posts/investingInfo/tnx-basics,en,post,investingInfo,EN_MAINTENANCE_ONLY,"10-Year Treasury Yield (TNX): How It Moves Stocks, FX, and Korea","10-Year Treasury Yield (TNX): How It Moves Stocks, FX, and Korea",120,25,19,macro-market,0,32,0,9.84,2026-06-17,2026-07-19,,,,,false,,2,121,0.0165,4.92,2,153,2,153,2,153,2,,,QUICK_WIN,79,P1-1B title/description/intro SERP alignment review,SUFFICIENT,false
/en/posts/personalFinance/dca-vs-lump-sum-when-results-differ,en,post,personalFinance,EN_MAINTENANCE_ONLY,DCA vs Lump Sum: When Do the Results Differ?,DCA vs Lump Sum: When Do the Results Differ?,167,2,4,dca-cagr,0,1,0,9,2026-06-17,2026-07-19,,,,,false,,0,40,0,5.97,0,41,0,41,0,41,2,,,QUICK_WIN,78,P1-1B title/description/intro SERP alignment review,SUFFICIENT,false
/en/posts/personalFinance/how-much-to-invest-monthly-for-target-portfolio,en,post,personalFinance,EN_MAINTENANCE_ONLY,Monthly Investment Needed to Reach a Target Portfolio,Monthly Investment Needed to Reach a Target Portfolio,230,2,4,compound-goal,0,1,0,29,2026-06-17,2026-07-19,,,,,false,,0,399,0,5.35,0,400,0,400,0,400,2,,,PAGE_ONE_CANDIDATE,83,P1-1B metadata and answer-summary scope review,SUFFICIENT,false
/posts/economicInfo/inflation-rate-basics,ko,post,economicInfo,SUPPORTING_ARTICLE,물가와 금리의 기본 이해: 왜 금리가 오르면 시장이 흔들릴까?,물가와 금리의 기본 이해: 왜 금리가 오르면 시장이 흔들릴까?,72,18,15,real-estate-loan,,,,,,,21,2331,0.009,10,true,CLICK_TOP_30,0,31,0,7.1,21,2362,0,31,21,2362,2,,,NAVER_WINNER,89,Hold or low-risk refresh only,SUFFICIENT,false
/tools/cagr-calculator,ko,tool,tools,PRIMARY_TOOL,CAGR 계산기 (연평균 수익률·연복리 수익률·연평균 성장률),CAGR 계산기 (연평균 수익률·연복리 수익률·연평균 성장률),99,41,3,compound-goal,,,,,,,95,16270,0.006,2,true,CLICK_TOP_30,0,7,0,7,95,16277,0,7,95,16277,2,,,NAVER_WINNER,87,Hold or low-risk refresh only,LIMITED,false
/market/real-estate/magok-top100,ko,market,realEstate,DATA_PAGE,마곡 아파트 집값 TOP 100 | 강서구 마곡동 실거래 순위,마곡 아파트 집값 TOP 100,0,8,7,real-estate-loan,,,,,,,40,1282,0.031,6,true,CLICK_TOP_30,0,7,0,5.43,40,1289,0,7,40,1289,2,,,NAVER_WINNER,81,Hold or low-risk refresh only,LIMITED,true
/posts/personalFinance/annual-vs-monthly-compound,ko,post,personalFinance,SUPPORTING_ARTICLE,연복리 vs 월복리: 목표 달성 기간이 얼마나 달라질까?,연복리 vs 월복리: 목표 달성 기간이 얼마나 달라질까?,65,7,6,compound-goal,,,,,,,9,332,0.027,14,true,CLICK_TOP_30,0,2,0,5,9,334,0,2,9,334,2,,,NAVER_WINNER,78,Hold or low-risk refresh only,LIMITED,false
/market/real-estate/songpa-top100,ko,market,realEstate,DATA_PAGE,송파(잠실) 아파트 집값 TOP 100 | 송파구 실거래 순위,송파(잠실) 아파트 집값 TOP 100,0,5,6,real-estate-loan,,,,,,,35,2302,0.015,7,true,CLICK_TOP_30,2,11,0.1818,3,37,2313,2,11,37,2313,2,,,NAVER_WINNER,77,Hold or low-risk refresh only,LIMITED,true
/tools/dsr-ltv-calculator,ko,tool,tools,PRIMARY_TOOL,LTV DSR 계산기 - 주택담보대출 한도와 아파트 구매 가능액 계산,LTV DSR 계산기: 주담대 한도와 아파트 구매 가능액 계산,107,23,12,real-estate-loan,,,,,,,118,34584,0.003,1,true,CLICK_TOP_30,0,1,0,7,118,34585,0,1,118,34585,2,,,NAVER_WINNER,77,Hold or low-risk refresh only,LIMITED,false
/market/real-estate/seoul-top100,ko,market,realEstate,DATA_PAGE,서울 아파트 집값 Top 100 | 서울 실거래 순위,서울 아파트 집값 TOP 100,0,9,6,real-estate-loan,,,,,,,43,2837,0.015,4,true,CLICK_TOP_30,1,13,0.0769,5.38,44,2850,1,13,44,2850,2,,,NAVER_WINNER,75,Hold or low-risk refresh only,LIMITED,true
/posts/personalFinance/dsr-40-income-loan-limit-table,ko,post,personalFinance,SUPPORTING_ARTICLE,DSR 40% 연봉별 대출 한도표 | 연봉별 주담대 한도·대출 가능액,DSR 40% 연봉별 대출 한도표 | 연봉별 주담대 한도·대출 가능액,121,6,7,real-estate-loan,,,,,,,18,538,0.033,12,true,CLICK_TOP_30,0,3,0,6.67,18,541,0,3,18,541,2,,,NAVER_WINNER,72,Hold or low-risk refresh only,LIMITED,false
/market/real-estate/gangnam-top100,ko,market,realEstate,DATA_PAGE,강남 아파트값 순위 TOP 100 | 강남구 실거래 기반,강남 아파트값 순위 TOP 100,0,6,6,real-estate-loan,,,,,,,11,887,0.012,13,true,CLICK_TOP_30,0,3,0,8.33,11,890,0,3,11,890,2,,,NAVER_WINNER,70,Hold or low-risk refresh only,LIMITED,true
/market/real-estate,ko,market,realEstate,PRIMARY_HUB,서울·경기·인천 아파트 실거래 대시보드,서울·경기·인천 아파트 실거래 대시보드,79,21,5,real-estate-loan,,,,,,,4,62,0.065,24,true,CLICK_TOP_30,0,2,0,6,4,64,0,2,4,64,2,,,NAVER_WINNER,69,Hold or low-risk refresh only,LIMITED,false
/posts/investingInfo/why-check-cagr-etf,ko,post,investingInfo,SUPPORTING_ARTICLE,ETF CAGR 확인법: 총수익률보다 연평균 복리수익률이 중요한 이유,ETF CAGR 확인법: 총수익률보다 연평균 복리수익률이 중요한 이유,69,7,4,compound-goal,,,,,,,2,1283,0.002,30,true,CLICK_TOP_30,0,1,0,7,2,1284,0,1,2,1284,2,,,NAVER_WINNER,67,Hold or low-risk refresh only,LIMITED,false
/posts/personalFinance/what-is-cagr,ko,post,personalFinance,SUPPORTING_ARTICLE,CAGR 계산법: 단순 수익률과 다른 이유와 투자 예시,CAGR 계산법: 단순 수익률과 다른 이유와 투자 예시,72,12,8,dca-cagr,,,,,,,53,5084,0.01,3,true,CLICK_TOP_30,1,12,0.0833,7.42,54,5096,1,12,54,5096,2,,,NAVER_WINNER,63,Hold or low-risk refresh only,LIMITED,false
/posts/personalFinance/simple-vs-compound,ko,post,personalFinance,SUPPORTING_ARTICLE,단리 vs 복리 계산: 월 30만원 투자 예시로 보는 장기 차이,단리 vs 복리 계산: 월 30만원 투자 예시로 보는 장기 차이,65,8,8,compound-goal,,,,,,,3,253,0.012,26,true,CLICK_TOP_30,0,1,0,6,3,254,0,1,3,254,2,,,NAVER_WINNER,60,Hold or low-risk refresh only,LIMITED,false
/tools/dca-calculator,ko,tool,tools,PRIMARY_TOOL,ETF·주식 자동 적립식 시뮬레이터 (DCA),ETF·주식 자동 적립식 시뮬레이터 (DCA),79,37,0,dca-cagr,,,,,,,22,630,0.035,9,true,CLICK_TOP_30,1,4,0.25,3.75,23,634,1,4,23,634,2,,,NAVER_WINNER,56,Hold or low-risk refresh only,LIMITED,false
/tools/fire-calculator,ko,tool,tools,PRIMARY_TOOL,,,0,7,0,fire-retirement,,,,,,,6,118,0.051,18,true,CLICK_TOP_30,0,2,0,9,6,120,0,2,6,120,2,,,NAVER_WINNER,49,Hold or low-risk refresh only,LIMITED,true
/posts/investingInfo/bond-etf-duration-drives-returns,ko,post,investingInfo,SUPPORTING_ARTICLE,채권 ETF와 듀레이션: 금리 1%p 변화가 수익률을 얼마나 흔드는가,채권 ETF와 듀레이션: 금리 1%p 변화가 수익률을 얼마나 흔드는가,116,0,9,real-estate-loan,,,,,,,3,151,0.02,27,true,CLICK_TOP_30,,,,,3,151,,,3,151,1,,,NAVER_WINNER,26,Hold or low-risk refresh only,LIMITED,false
/tools/compound-interest,ko,tool,tools,PRIMARY_TOOL,복리 계산기 | 월복리·적립식 투자 미래가치 계산,복리 계산기,92,50,0,compound-goal,,,,,,,20,5298,0.004,11,true,CLICK_TOP_30,,,,,20,5298,,,20,5298,1,,,NAVER_WINNER,22,Hold or low-risk refresh only,LIMITED,false
/market/real-estate/gangnam3-top100,ko,market,realEstate,DATA_PAGE,강남3구 아파트 집값 TOP 100 | 강남·서초·송파 실거래 순위,강남3구 아파트 집값 TOP 100,0,6,6,real-estate-loan,,,,,,,31,471,0.066,8,true,CLICK_TOP_30,,,,,31,471,,,31,471,1,,,NAVER_WINNER,21,Hold or low-risk refresh only,LIMITED,true
/posts/investingInfo/cagr-7percent-reality-check,ko,post,investingInfo,SUPPORTING_ARTICLE,연 7% 복리 현실 체크: CAGR로 목표 자산 계산하는 법,연 7% 복리 현실 체크: CAGR로 목표 자산 계산하는 법,76,14,6,compound-goal,,,,,,,4,1533,0.003,22,true,CLICK_TOP_30,,,,,4,1533,,,4,1533,1,,,NAVER_WINNER,20,Hold or low-risk refresh only,LIMITED,false
/posts/personalFinance/dca-step-up-ruleset,ko,post,personalFinance,SUPPORTING_ARTICLE,DCA의 핵심은 ‘월 납입액 설계’다: 증액(스텝업)·감액·일시중단 조건을 운영규칙으로 만드는 법,DCA의 핵심은 ‘월 납입액 설계’다: 증액(스텝업)·감액·일시중단 조건을 운영규칙으로 만드는 법,140,1,9,compound-goal,,,,,,,3,39,0.077,29,true,CLICK_TOP_30,,,,,3,39,,,3,39,1,,,NAVER_WINNER,20,Hold or low-risk refresh only,LIMITED,false
/market/real-estate/gyeonggi-apartment-top100,ko,market,realEstate,DATA_PAGE,,,0,3,0,real-estate-loan,,,,,,,5,206,0.024,21,true,CLICK_TOP_30,,,,,5,206,,,5,206,1,,,NAVER_WINNER,19,Hold or low-risk refresh only,LIMITED,true
/posts/investingInfo/wti-impact-on-korea-kospi,ko,post,investingInfo,SUPPORTING_ARTICLE,WTI 유가가 한국 경제·코스피에 미치는 영향: 물가·환율·금리·기업이익으로 이어지는 5단 연결,WTI 유가가 한국 경제·코스피에 미치는 영향: 물가·환율·금리·기업이익으로 이어지는 5단 연결,116,11,13,real-estate-loan,,,,,,,6,100,0.06,19,true,CLICK_TOP_30,,,,,6,100,,,6,100,1,,,NAVER_WINNER,19,Hold or low-risk refresh only,LIMITED,false
/market/real-estate/seoul-apartment-top100,ko,market,realEstate,DATA_PAGE,,,0,4,0,real-estate-loan,,,,,,,3,328,0.009,25,true,CLICK_TOP_30,,,,,3,328,,,3,328,1,,,NAVER_WINNER,18,Hold or low-risk refresh only,LIMITED,true
/posts/personalFinance/compound-return-3-5-7-10-table,ko,post,personalFinance,SUPPORTING_ARTICLE,연 3% 5% 7% 10% 복리 결과 비교표 | 10년 20년 30년,연 3% 5% 7% 10% 복리 결과 비교표 | 10년 20년 30년,86,0,4,compound-goal,,,,,,,9,84,0.107,15,true,CLICK_TOP_30,,,,,9,84,,,9,84,1,,,NAVER_WINNER,13,Hold or low-risk refresh only,LIMITED,false
/tools/goal-simulator,ko,tool,tools,PRIMARY_TOOL,목표자산 도달 계산기 | 매달 얼마 투자해야 할까?,목표자산 도달 계산기 | 매달 얼마 투자해야 할까?,72,28,5,compound-goal,,,,,,,7,49,0.143,17,true,CLICK_TOP_30,,,,,7,49,,,7,49,1,,,NAVER_WINNER,13,Hold or low-risk refresh only,LIMITED,false
/posts/personalFinance/how-much-per-month-for-100m,ko,post,personalFinance,SUPPORTING_ARTICLE,1억 모으려면 월 얼마? 5년·10년·15년 필요 투자금,1억 모으려면 월 얼마? 5년·10년·15년 필요 투자금,99,8,7,compound-goal,,,,,,,3,148,0.02,28,true,CLICK_TOP_30,,,,,3,148,,,3,148,1,,,NAVER_WINNER,12,Hold or low-risk refresh only,LIMITED,false
/posts/investingInfo/usd-krw-weak-won-sector-map-kospi,ko,post,investingInfo,LOW_PRIORITY,환율 상승 수혜주·피해주 | 원화 약세 코스피 업종 체크,환율 상승 수혜주·피해주 | 원화 약세 코스피 업종 체크,86,7,9,macro-market,,,,,,,40,1365,0.029,5,true,CLICK_TOP_30,,,,,40,1365,,,40,1365,1,,,NAVER_WINNER,4,Hold or low-risk refresh only,LIMITED,false
/posts/investingInfo/dxy-dollar-index-basics,ko,post,investingInfo,LOW_PRIORITY,DXY(달러인덱스)란 무엇인가? 투자자가 꼭 알아야 할 의미 정리,DXY(달러인덱스)란 무엇인가? 투자자가 꼭 알아야 할 의미 정리,59,16,7,macro-market,,,,,,,5,2575,0.002,20,true,CLICK_TOP_30,,,,,5,2575,,,5,2575,1,,,NAVER_WINNER,1,Hold or low-risk refresh only,LIMITED,false
/posts/investingInfo/usd-krw-exchange-rate-and-kospi,ko,post,investingInfo,LOW_PRIORITY,원달러 환율과 코스피 관계: 외국인 수급·수출주·물가 체크법,원달러 환율과 코스피 관계: 외국인 수급·수출주·물가 체크법,93,22,20,macro-market,,,,,,,7,2985,0.002,16,true,CLICK_TOP_30,,,,,7,2985,,,7,2985,1,,,NAVER_WINNER,1,Hold or low-risk refresh only,LIMITED,false
/tools,ko,tool_hub,tools,PRIMARY_HUB,금융 계산기 모음,금융 계산기·도구,19,1,12,calculator-hub,,,,,,,4,142,0.028,23,true,CLICK_TOP_30,,,,,4,142,,,4,142,1,,,NAVER_WINNER,0,Hold or low-risk refresh only,LIMITED,false
/en/market/real-estate/magok-top100,en,market,realEstate,EN_MAINTENANCE_ONLY,Magok Apartment Prices Top 100 | Magok-dong (Gangseo-gu) Ranking,Magok Apartment Prices Top 100,0,7,7,real-estate-loan,,,,,,,,,,,false,,0,1,0,1,0,1,0,1,0,1,1,,,HOLD,100,Hold; avoid immediate content changes,VERY_LOW,true
/en/tools/dsr-ltv-calculator,en,tool,tools,EN_MAINTENANCE_ONLY,"Korean Mortgage Affordability Calculator: DSR, LTV & Apartment Budget",Korean Mortgage Affordability Calculator (DSR/LTV),198,9,12,real-estate-loan,0,2,0,2,2026-06-17,2026-07-19,,,,,false,,0,1,0,3,0,3,0,3,0,3,2,,,HOLD,100,Hold; avoid immediate content changes,VERY_LOW,false
/market/real-estate/mayongseong-top100,ko,market,realEstate,DATA_PAGE,마용성 아파트 집값 TOP 100 | 마포·용산·성수 실거래 순위,마용성 아파트 집값 TOP 100,0,5,6,real-estate-loan,,,,,,,,,,,false,,0,1,0,3,0,1,0,1,0,1,1,,,HOLD,100,Hold; avoid immediate content changes,VERY_LOW,true
/en/market/real-estate,en,market,realEstate,EN_MAINTENANCE_ONLY,"Seoul, Gyeonggi & Incheon Apartment Transaction Dashboard (KRW)","Seoul, Gyeonggi & Incheon Apartment Transaction Dashboard (KRW)",181,16,5,real-estate-loan,,,,,,,,,,,false,,0,8,0,3.63,0,8,0,8,0,8,1,,,HOLD,94,Hold; avoid immediate content changes,VERY_LOW,false
/en/posts/personalFinance/dca-step-up-ruleset,en,post,personalFinance,EN_MAINTENANCE_ONLY,Step-Up DCA: A Rulebook for Raising (or Pausing) Contributions Without Breaking Your Plan,Step-Up DCA: A Rulebook for Raising (or Pausing) Contributions Without Breaking Your Plan,193,2,7,dca-cagr,,,,,,,,,,,false,,0,1,0,1,0,1,0,1,0,1,1,,,HOLD,92,Hold; avoid immediate content changes,VERY_LOW,false
/en/posts/personalFinance/dsr-40-income-loan-limit-table,en,post,personalFinance,EN_MAINTENANCE_ONLY,Korea DSR 40% Rule Explained | Mortgage Borrowing Limit by Income,Korea DSR 40% Rule Explained | Mortgage Borrowing Limit by Income,124,3,6,real-estate-loan,0,4,0,6,2026-06-17,2026-07-19,,,,,false,,0,2,0,3,0,6,0,6,0,6,2,,,HOLD,91,Hold; avoid immediate content changes,VERY_LOW,false
/en/posts/personalFinance/dca-vs-lumpsum-decision-rules,en,post,personalFinance,EN_MAINTENANCE_ONLY,"DCA vs Lump Sum Without the Debate: A 3-Step Rule Based on Behavior Risk, Cash Buffers, and Time Horizon","DCA vs Lump Sum Without the Debate: A 3-Step Rule Based on Behavior Risk, Cash Buffers, and Time Horizon",230,4,10,dca-cagr,,,,,,,,,,,false,,0,1,0,3,0,1,0,1,0,1,1,,,HOLD,90,Hold; avoid immediate content changes,VERY_LOW,false
/en/posts/investingInfo/cagr-7percent-reality-check,en,post,investingInfo,EN_MAINTENANCE_ONLY,"7% Annual Return Reality Check: CAGR, Volatility, and Goal Planning","7% Annual Return Reality Check: CAGR, Volatility, and Goal Planning",139,14,5,compound-goal,0,3,0,3.67,2026-06-17,2026-07-19,,,,,false,,1,22,0.0455,3.64,1,25,1,25,1,25,2,,,HOLD,88,Hold; avoid immediate content changes,LIMITED,false
/posts/economicInfo/real-rates-and-breakevens,ko,post,economicInfo,SUPPORTING_ARTICLE,실질금리(Real Rate)와 기대인플레이션(Breakeven): 자산가격의 ‘진짜 온도계’,실질금리(Real Rate)와 기대인플레이션(Breakeven): 자산가격의 ‘진짜 온도계’,95,2,8,real-estate-loan,,,,,,,,,,,false,,0,3,0,4.33,0,3,0,3,0,3,1,,,HOLD,87,Hold; avoid immediate content changes,VERY_LOW,false
/posts/investingInfo/indicator-marketinfo,ko,post,investingInfo,SUPPORTING_ARTICLE,코스피에 가장 큰 영향을 끼치는 글로벌 시장 환경 총정리,코스피에 가장 큰 영향을 끼치는 글로벌 시장 환경 총정리,112,17,18,real-estate-loan,,,,,,,,,,,false,,0,3,0,4.67,0,3,0,3,0,3,1,,,HOLD,86,Hold; avoid immediate content changes,VERY_LOW,false
/en/market/real-estate/seoul-top100,en,market,realEstate,EN_MAINTENANCE_ONLY,Seoul Apartment Prices Top 100 | Official Transactions,Seoul Apartment Prices Top 100,0,8,6,real-estate-loan,,,,,,,,,,,false,,0,2,0,4,0,2,0,2,0,2,1,,,HOLD,85,Hold; avoid immediate content changes,VERY_LOW,true
/en/posts/economicInfo/hormuz-risk-oil-insurance-freight-premium,en,post,economicInfo,EN_MAINTENANCE_ONLY,"Middle East Oil Shipping Risk, Explained on One Page: Oil Often Reacts to Insurance and Freight Premia Before Any “Blockade”","Middle East Oil Shipping Risk, Explained on One Page: Oil Often Reacts to Insurance and Freight Premia Before Any “Blockade”",202,0,7,macro-market,,,,,,,,,,,false,,0,1,0,1,0,1,0,1,0,1,1,,,HOLD,84,Hold; avoid immediate content changes,VERY_LOW,false
/en/posts/investingInfo/modern-6040-risk-budget,en,post,investingInfo,EN_MAINTENANCE_ONLY,"The Modern 60/40: Build a Risk Budget with Stocks, Bonds, Cash, and Gold (or Commodities)","The Modern 60/40: Build a Risk Budget with Stocks, Bonds, Cash, and Gold (or Commodities)",326,6,11,compound-goal,0,4,0,4,2026-06-17,2026-07-19,,,,,false,,,,,,0,4,0,4,0,4,1,,,HOLD,83,Hold; avoid immediate content changes,VERY_LOW,false
/en/market/real-estate/gangnam-top100,en,market,realEstate,EN_MAINTENANCE_ONLY,Gangnam Apartment Prices Top 100 | Official Transactions,Gangnam Apartment Prices Top 100,0,7,6,real-estate-loan,0,12,0,6.75,2026-06-17,2026-07-19,,,,,false,,0,5,0,6.8,0,17,0,17,0,17,2,,,HOLD,82,Hold; avoid immediate content changes,LIMITED,true
/en/posts/economicInfo/war-theme-investing-price-chain-not-winners,en,post,economicInfo,EN_MAINTENANCE_ONLY,"The War-Theme Trap: Don’t Chase “Winners”—Read the Price Chain (Costs, Freight, FX, Demand)","The War-Theme Trap: Don’t Chase “Winners”—Read the Price Chain (Costs, Freight, FX, Demand)",204,0,7,macro-market,0,1,0,3,2026-06-17,2026-07-19,,,,,false,,,,,,0,1,0,1,0,1,1,,,HOLD,82,Hold; avoid immediate content changes,VERY_LOW,false
/en/posts/investingInfo/dca-consistency-7-fail-patterns,en,post,investingInfo,EN_MAINTENANCE_ONLY,"DCA Is a Consistency Game, Not a Return Hack: 7 Ways People Fail (and How to Fix Them)","DCA Is a Consistency Game, Not a Return Hack: 7 Ways People Fail (and How to Fix Them)",214,4,8,dca-cagr,,,,,,,,,,,false,,0,6,0,4.33,0,6,0,6,0,6,1,,,HOLD,81,Hold; avoid immediate content changes,VERY_LOW,false
/en/posts/personalFinance/dsr-pass-ltv-cash-bottleneck,en,post,personalFinance,EN_MAINTENANCE_ONLY,Passing DSR but Blocked by LTV Cash Costs | Korea Mortgage Check,Passing DSR but Blocked by LTV Cash Costs | Korea Mortgage Check,135,4,5,real-estate-loan,,,,,,,,,,,false,,0,1,0,4,0,1,0,1,0,1,1,,,HOLD,81,Hold; avoid immediate content changes,VERY_LOW,false
/en/posts/personalFinance/fire-sequence-risk-first-5-years,en,post,personalFinance,EN_MAINTENANCE_ONLY,"The First 5 Years of Retirement Decide FIRE: Sequence-of-Returns Risk, Withdrawal Rules, and a 10-Minute Stress Test","The First 5 Years of Retirement Decide FIRE: Sequence-of-Returns Risk, Withdrawal Rules, and a 10-Minute Stress Test",205,0,6,dca-cagr,,,,,,,,,,,false,,0,5,0,3.2,0,5,0,5,0,5,1,,,HOLD,81,Hold; avoid immediate content changes,VERY_LOW,false
/posts/economicInfo/policy-rate-cut-market-rates,ko,post,economicInfo,SUPPORTING_ARTICLE,금리 인하에도 대출금리가 안 내려가는 이유: 정책금리 vs 시장금리,금리 인하에도 대출금리가 안 내려가는 이유: 정책금리 vs 시장금리,66,17,15,real-estate-loan,,,,,,,,,,,false,,0,1,0,4,0,1,0,1,0,1,1,,,HOLD,81,Hold; avoid immediate content changes,VERY_LOW,false
/en/posts/personalFinance/personal-finance-3pillars,en,post,personalFinance,EN_MAINTENANCE_ONLY,"The Three Pillars of Personal Finance: Budgeting, Emergency Funds, and Long-Term Investing (A Practical Setup Guide)","The Three Pillars of Personal Finance: Budgeting, Emergency Funds, and Long-Term Investing (A Practical Setup Guide)",223,11,7,dca-cagr,,,,,,,,,,,false,,0,4,0,3.25,0,4,0,4,0,4,1,,,HOLD,79,Hold; avoid immediate content changes,VERY_LOW,false
/en/posts/personalFinance/how-much-per-month-for-100m,en,post,personalFinance,EN_MAINTENANCE_ONLY,"How Much Should You Invest Monthly to Reach $100,000? 5-, 10-, and 15-Year Plans","How Much Should You Invest Monthly to Reach $100,000? 5-, 10-, and 15-Year Plans",138,8,5,compound-goal,0,13,0,9.15,2026-06-17,2026-07-19,,,,,false,,0,2,0,2,0,15,0,15,0,15,2,,,HOLD,77,Hold; avoid immediate content changes,LIMITED,false
/en/posts/personalFinance/fire-assumption-errors-7-fixes,en,post,personalFinance,EN_MAINTENANCE_ONLY,"The 7 Most Common FIRE Modeling Mistakes: Fix Your Return, Inflation, and Tax Assumptions (Then Run Sensitivity Checks)","The 7 Most Common FIRE Modeling Mistakes: Fix Your Return, Inflation, and Tax Assumptions (Then Run Sensitivity Checks)",327,0,6,dca-cagr,,,,,,,,,,,false,,0,3,0,4.67,0,3,0,3,0,3,1,,,HOLD,76,Hold; avoid immediate content changes,VERY_LOW,false
/posts/personalFinance/cash-100m-200m-300m-apartment-budget,ko,post,personalFinance,SUPPORTING_ARTICLE,보유현금 1억 2억 3억 아파트 구매 가능 금액 | DSR LTV 계산기,보유현금 1억 2억 3억 아파트 구매 가능 금액 | DSR LTV 계산기,90,8,6,real-estate-loan,,,,,,,,,,,false,,1,4,0.25,4,1,4,1,4,1,4,1,,,HOLD,76,Hold; avoid immediate content changes,VERY_LOW,false
/en/posts/personalFinance/cash-100m-200m-300m-apartment-budget,en,post,personalFinance,EN_MAINTENANCE_ONLY,Cash KRW 100M 200M 300M Apartment Budget | Korea DSR LTV,Cash KRW 100M 200M 300M Apartment Budget | Korea DSR LTV,159,4,5,real-estate-loan,,,,,,,,,,,false,,0,1,0,10,0,1,0,1,0,1,1,,,HOLD,74,Hold; avoid immediate content changes,VERY_LOW,false
/posts/economicInfo/interest-rate-basics,ko,post,economicInfo,SUPPORTING_ARTICLE,"금리 구조 한 번에 이해: 기준금리, 시장금리, 예금·대출·채권","금리 구조 한 번에 이해: 기준금리, 시장금리, 예금·대출·채권",77,21,9,real-estate-loan,,,,,,,,,,,false,,0,5,0,6.6,0,5,0,5,0,5,1,,,HOLD,74,Hold; avoid immediate content changes,VERY_LOW,false
/en/posts/economicInfo/interest-rate-basics,en,post,economicInfo,EN_MAINTENANCE_ONLY,"How Interest Rates Work: Policy, Market, Deposit, Loan, and Bond Rates","How Interest Rates Work: Policy, Market, Deposit, Loan, and Bond Rates",139,18,7,real-estate-loan,,,,,,,,,,,false,,0,4,0,6,0,4,0,4,0,4,1,,,HOLD,73,Hold; avoid immediate content changes,VERY_LOW,false
/en/market/real-estate/gangnam3-top100,en,market,realEstate,EN_MAINTENANCE_ONLY,Gangnam 3 Districts Apartment Prices Top 100 | Official Transactions,Gangnam 3 Districts Apartment Prices Top 100,0,6,6,real-estate-loan,0,2,0,2.5,2026-06-17,2026-07-19,,,,,false,,0,1,0,8,0,3,0,3,0,3,2,,,HOLD,72,Hold; avoid immediate content changes,VERY_LOW,true
/en/posts/economicInfo/fx-basics,en,post,economicInfo,EN_MAINTENANCE_ONLY,Currency Basics: What Really Moves the USD/KRW Exchange Rate,Currency Basics: What Really Moves the USD/KRW Exchange Rate,168,19,16,real-estate-loan,,,,,,,,,,,false,,0,4,0,7.25,0,4,0,4,0,4,1,,,HOLD,72,Hold; avoid immediate content changes,VERY_LOW,false
/en/posts/economicInfo/oil-shock-to-usdkrw-korea-transmission,en,post,economicInfo,EN_MAINTENANCE_ONLY,"Oil Shocks and USD/KRW: How Trade Balance, Import Inflation, and Flows Drive Korea’s FX","Oil Shocks and USD/KRW: How Trade Balance, Import Inflation, and Flows Drive Korea’s FX",190,6,7,macro-market,0,5,0,4,2026-06-17,2026-07-19,,,,,false,,,,,,0,5,0,5,0,5,1,,,HOLD,72,Hold; avoid immediate content changes,VERY_LOW,false
/market,ko,market,realEstate,PRIMARY_HUB,시장정보 | 아파트 실거래가·투자지표 대시보드,시장정보 대시보드,0,1,5,real-estate-loan,,,,,,,,,,,false,,0,6,0,10,0,6,0,6,0,6,1,,,HOLD,72,Hold; avoid immediate content changes,VERY_LOW,true
/en/posts/investingInfo/indicator-marketinfo,en,post,investingInfo,EN_MAINTENANCE_ONLY,Global Market Forces That Influence the KOSPI: A Complete Overview,Global Market Forces That Influence the KOSPI: A Complete Overview,190,8,14,macro-market,,,,,,,,,,,false,,0,4,0,4,0,4,0,4,0,4,1,,,HOLD,71,Hold; avoid immediate content changes,VERY_LOW,false
/en/posts/economicInfo/real-rates-and-breakevens,en,post,economicInfo,EN_MAINTENANCE_ONLY,Real Rates & Breakeven Inflation: The Asset-Pricing Thermometer Most Investors Ignore,Real Rates & Breakeven Inflation: The Asset-Pricing Thermometer Most Investors Ignore,246,3,6,macro-market,0,2,0,2,2026-06-17,2026-07-19,,,,,false,,1,26,0.0385,6.62,1,28,1,28,1,28,2,,,HOLD,70,Hold; avoid immediate content changes,LIMITED,false
/en/posts/investingInfo/dxy-market-impact,en,post,investingInfo,EN_MAINTENANCE_ONLY,"How DXY Moves the Market: Impact on U.S. Stocks, USD/KRW, and KOSPI","How DXY Moves the Market: Impact on U.S. Stocks, USD/KRW, and KOSPI",135,19,12,macro-market,,,,,,,,,,,false,,0,4,0,5,0,4,0,4,0,4,1,,,HOLD,70,Hold; avoid immediate content changes,VERY_LOW,false
/en/posts/personalFinance/what-is-cagr,en,post,personalFinance,EN_MAINTENANCE_ONLY,"What Is CAGR? Annualized Return Formula, Example, and Calculator","What Is CAGR? Annualized Return Formula, Example, and Calculator",142,10,6,dca-cagr,,,,,,,,,,,false,,0,11,0,6.36,0,11,0,11,0,11,1,,,HOLD,70,Hold; avoid immediate content changes,LIMITED,false
/en/tools/cagr-calculator,en,tool,tools,EN_MAINTENANCE_ONLY,"CAGR Calculator: Annualized Return, Growth Rate & Future Value","CAGR Calculator: Annualized Return, Growth Rate & Future Value",181,20,3,compound-goal,,,,,,,,,,,false,,0,2,0,7,0,2,0,2,0,2,1,,,HOLD,70,Hold; avoid immediate content changes,VERY_LOW,false
/en/posts/economicInfo/geopolitics-to-usd-liquidity-fx,en,post,economicInfo,EN_MAINTENANCE_ONLY,"When Geopolitics Turns Into Dollar Strength: Read It as USD Liquidity, Not Just “Fear”","When Geopolitics Turns Into Dollar Strength: Read It as USD Liquidity, Not Just “Fear”",199,7,7,macro-market,0,1,0,2,2026-06-17,2026-07-19,,,,,false,,0,2,0,6.5,0,3,0,3,0,3,2,,,HOLD,69,Hold; avoid immediate content changes,VERY_LOW,false
/en/posts/personalFinance/monthly-investment-for-100m-table,en,post,personalFinance,EN_MAINTENANCE_ONLY,"Monthly Contribution Table | $100,000 and KRW 100M Goal Examples","Monthly Contribution Table | $100,000 and KRW 100M Goal Examples",143,1,6,compound-goal,0,6,0,8.33,2026-06-17,2026-07-19,,,,,false,,,,,,0,6,0,6,0,6,1,,,HOLD,67,Hold; avoid immediate content changes,VERY_LOW,false
/en/posts/personalFinance/high-rate-debt-vs-invest-threshold-rule,en,post,personalFinance,EN_MAINTENANCE_ONLY,High-Rate Era: Should You Pay Down Debt or Invest First? (The Interest-Rate Threshold Rule),High-Rate Era: Should You Pay Down Debt or Invest First? (The Interest-Rate Threshold Rule),451,10,8,real-estate-loan,,,,,,,,,,,false,,0,1,0,6,0,1,0,1,0,1,1,,,HOLD,66,Hold; avoid immediate content changes,VERY_LOW,false
/posts/personalFinance/first-home-buyer-budget-calculation,ko,post,personalFinance,SUPPORTING_ARTICLE,생애최초 주택 구입 예산 계산 | DSR LTV 현금흐름 체크,생애최초 주택 구입 예산 계산 | DSR LTV 현금흐름 체크,87,0,6,real-estate-loan,,,,,,,,,,,false,,0,1,0,6,0,1,0,1,0,1,1,,,HOLD,66,Hold; avoid immediate content changes,VERY_LOW,false
/posts/personalFinance/personal-finance-3pillars,ko,post,personalFinance,LOW_PRIORITY,가계 재무 3대장: 예산·비상금·장기투자를 먼저 세팅하라,가계 재무 3대장: 예산·비상금·장기투자를 먼저 세팅하라,81,11,10,general,,,,,,,,,,,false,,0,2,0,5,0,2,0,2,0,2,1,,,HOLD,66,Hold; avoid immediate content changes,VERY_LOW,true
/en/posts/investingInfo/diagnose-investing-skill-with-cagr,en,post,investingInfo,EN_MAINTENANCE_ONLY,"Diagnose Investing Skill with CAGR, MDD, Volatility, and Sharpe Ratio","Diagnose Investing Skill with CAGR, MDD, Volatility, and Sharpe Ratio",132,4,4,dca-cagr,,,,,,,,,,,false,,0,6,0,7,0,6,0,6,0,6,1,,,HOLD,65,Hold; avoid immediate content changes,VERY_LOW,false
/en/posts/investingInfo/sp500-impact-on-korea-kospi,en,post,investingInfo,EN_MAINTENANCE_ONLY,How the S&P 500 Moves Korea’s Economy and KOSPI: The FX–Rates–Foreign Flow Chain,How the S&P 500 Moves Korea’s Economy and KOSPI: The FX–Rates–Foreign Flow Chain,176,10,13,macro-market,0,1,0,7,2026-06-17,2026-07-19,,,,,false,,0,17,0,5.59,0,18,0,18,0,18,2,,,HOLD,65,Hold; avoid immediate content changes,LIMITED,false
/en/posts/personalFinance/compound-return-3-5-7-10-table,en,post,personalFinance,EN_MAINTENANCE_ONLY,"Compound Interest Table: 3%, 5%, 7%, 10% Over 10, 20, and 30 Years","Compound Interest Table: 3%, 5%, 7%, 10% Over 10, 20, and 30 Years",136,1,4,compound-goal,0,2,0,5.5,2026-06-17,2026-07-19,,,,,false,,0,1,0,7,0,3,0,3,0,3,2,,,HOLD,65,Hold; avoid immediate content changes,VERY_LOW,false
/en/tools/dca-calculator,en,tool,tools,EN_MAINTENANCE_ONLY,Dollar-Cost Averaging Calculator for ETFs and Stocks,Dollar-Cost Averaging Calculator for ETFs and Stocks,173,26,0,dca-cagr,0,3,0,10.33,2026-06-17,2026-07-19,,,,,false,,2,22,0.0909,4.77,2,25,2,25,2,25,2,,,HOLD,65,Hold; avoid immediate content changes,LIMITED,false
/en/tools/goal-simulator,en,tool,tools,EN_MAINTENANCE_ONLY,Investment Goal Calculator: How Much to Invest Per Month,Investment Goal Calculator: How Much to Invest Per Month,168,24,5,compound-goal,,,,,,,,,,,false,,0,3,0,6.67,0,3,0,3,0,3,1,,,HOLD,65,Hold; avoid immediate content changes,VERY_LOW,false
/posts/economicInfo/fx-basics,ko,post,economicInfo,SUPPORTING_ARTICLE,환율의 기초: 원/달러가 움직이는 진짜 이유,환율의 기초: 원/달러가 움직이는 진짜 이유,77,24,19,real-estate-loan,,,,,,,,,,,false,,0,1,0,7,0,1,0,1,0,1,1,,,HOLD,65,Hold; avoid immediate content changes,VERY_LOW,false
/en/market/real-estate/mayongseong-top100,en,market,realEstate,EN_MAINTENANCE_ONLY,Mayongseong Apartment Prices Top 100 | Mapo · Yongsan · Seongsu,Mayongseong Apartment Prices Top 100,0,5,6,real-estate-loan,0,1,0,8,2026-06-17,2026-07-19,,,,,false,,,,,,0,1,0,1,0,1,1,,,HOLD,64,Hold; avoid immediate content changes,VERY_LOW,true
/en/posts/economicInfo/yield-curve-2s10s-3m10y-recession-reading,en,post,economicInfo,EN_MAINTENANCE_ONLY,Why 2s10s and 3m10y Disagree: A Practical Recession-Signal Reading Guide,Why 2s10s and 3m10y Disagree: A Practical Recession-Signal Reading Guide,355,6,8,macro-market,,,,,,,,,,,false,,0,16,0,6.75,0,16,0,16,0,16,1,,,HOLD,64,Hold; avoid immediate content changes,LIMITED,true
/en/tools,en,tool_hub,tools,EN_MAINTENANCE_ONLY,Finance Tools,Finance tools,24,0,12,calculator-hub,0,7,0,6,2026-06-17,2026-07-19,,,,,false,,0,6,0,6.83,0,13,0,13,0,13,2,,,HOLD,63,Hold; avoid immediate content changes,LIMITED,false
/en/posts/investingInfo/why-check-cagr-etf,en,post,investingInfo,EN_MAINTENANCE_ONLY,ETF CAGR Guide: Why Annualized Return Beats Total Return,ETF CAGR Guide: Why Annualized Return Beats Total Return,139,6,4,dca-cagr,,,,,,,,,,,false,,1,13,0.0769,3.38,1,13,1,13,1,13,1,,,HOLD,62,Hold; avoid immediate content changes,LIMITED,false
/posts/investingInfo/tnx-basics,ko,post,investingInfo,SUPPORTING_ARTICLE,TNX(미국 10년물 국채금리) 완전 이해: 주식·환율·채권을 움직이는 ‘기준 금리’,TNX(미국 10년물 국채금리) 완전 이해: 주식·환율·채권을 움직이는 ‘기준 금리’,101,25,17,real-estate-loan,,,,,,,,,,,false,,0,1,0,10,0,1,0,1,0,1,1,,,HOLD,62,Hold; avoid immediate content changes,VERY_LOW,false
/posts/personalFinance/rent-jeonse-buy-cashflow-opportunity-cost,ko,post,personalFinance,SUPPORTING_ARTICLE,"전세·월세·매매, 무엇이 ‘더 싸다’가 아니라 무엇이 ‘내게 더 안전하다’인가: 현금흐름·기회비용·리스크 3표로 끝내기","전세·월세·매매, 무엇이 ‘더 싸다’가 아니라 무엇이 ‘내게 더 안전하다’인가: 현금흐름·기회비용·리스크 3표로 끝내기",122,2,10,real-estate-loan,,,,,,,,,,,false,,0,1,0,10,0,1,0,1,0,1,1,,,HOLD,62,Hold; avoid immediate content changes,VERY_LOW,true
/en/posts/economicInfo/inflation-rate-basics,en,post,economicInfo,EN_MAINTENANCE_ONLY,Inflation Surprise and Rate Change Market Reaction Guide,Inflation Surprise and Rate Change Market Reaction Guide,136,14,11,macro-market,,,,,,,,,,,false,,0,6,0,5.5,0,6,0,6,0,6,1,,,HOLD,58,Hold; avoid immediate content changes,VERY_LOW,false
/en/posts/investingInfo/bond-etf-duration-drives-returns,en,post,investingInfo,EN_MAINTENANCE_ONLY,Bond ETF Mastery: Duration Drives Returns (and Why TNX Sets the Tempo),Bond ETF Mastery: Duration Drives Returns (and Why TNX Sets the Tempo),286,0,7,compound-goal,,,,,,,,,,,false,,0,1,0,9,0,1,0,1,0,1,1,,,HOLD,57,Hold; avoid immediate content changes,VERY_LOW,false
/en/posts/investingInfo/korea-etf-deep-dive-tnx,en,post,investingInfo,EN_MAINTENANCE_ONLY,"Why Korea ETFs Are So Sensitive to TNX, USD, and Foreign Flows","Why Korea ETFs Are So Sensitive to TNX, USD, and Foreign Flows",130,3,4,macro-market,0,2,0,6,2026-06-17,2026-07-19,,,,,false,,0,3,0,7.67,0,5,0,5,0,5,2,,,HOLD,56,Hold; avoid immediate content changes,VERY_LOW,false
/en/posts/investingInfo/usd-krw-exchange-rate-and-kospi,en,post,investingInfo,EN_MAINTENANCE_ONLY,USD/KRW Exchange Rate: What It Means for Korea’s Economy and the KOSPI,USD/KRW Exchange Rate: What It Means for Korea’s Economy and the KOSPI,163,27,15,macro-market,,,,,,,,,,,false,,1,25,0.04,6.2,1,25,1,25,1,25,1,,,HOLD,56,Hold; avoid immediate content changes,LIMITED,false
/en/posts/economicInfo/indicator-basics,en,post,economicInfo,EN_MAINTENANCE_ONLY,How to Read Economic Indicators as Market Signals,How to Read Economic Indicators as Market Signals,148,2,5,macro-market,,,,,,,,,,,false,,0,4,0,6,0,4,0,4,0,4,1,,,HOLD,55,Hold; avoid immediate content changes,VERY_LOW,false
/en/posts/economicInfo/war-risk-oil-supply-insurance-shipping,en,post,economicInfo,EN_MAINTENANCE_ONLY,"Why War Headlines Move Oil in Three Steps: Supply, Insurance, and Shipping Risk Premiums","Why War Headlines Move Oil in Three Steps: Supply, Insurance, and Shipping Risk Premiums",210,0,6,macro-market,0,3,0,5.67,2026-06-17,2026-07-19,,,,,false,,0,1,0,6,0,4,0,4,0,4,2,,,HOLD,55,Hold; avoid immediate content changes,VERY_LOW,false
/en/tools/fire-calculator,en,tool,tools,EN_MAINTENANCE_ONLY,,,0,7,0,fire-retirement,,,,,,,,,,,false,,0,2,0,8,0,2,0,2,0,2,1,,,HOLD,49,Hold; avoid immediate content changes,VERY_LOW,true
/en/posts/investingInfo/usd-krw-weak-won-sector-map-kospi,en,post,investingInfo,EN_MAINTENANCE_ONLY,"Weak Korean Won: KOSPI Sector Winners, Losers, and FX Checklist","Weak Korean Won: KOSPI Sector Winners, Losers, and FX Checklist",116,8,5,macro-market,0,1,0,5,2026-06-17,2026-07-19,,,,,false,,1,5,0.2,5.8,1,6,1,6,1,6,2,,,HOLD,47,Hold; avoid immediate content changes,VERY_LOW,false
/en/posts/investingInfo/etf-impact-of-tnx,en,post,investingInfo,EN_MAINTENANCE_ONLY,"How TNX Affects ETFs: Growth, Value, Emerging Markets, and Korea","How TNX Affects ETFs: Growth, Value, Emerging Markets, and Korea",141,8,4,macro-market,0,3,0,18,2026-06-17,2026-07-19,,,,,false,,1,9,0.1111,4.11,1,12,1,12,1,12,2,,,HOLD,46,Hold; avoid immediate content changes,LIMITED,false
/en/posts/personalFinance/inflation-household-survival-strategy,en,post,personalFinance,EN_MAINTENANCE_ONLY,"Household Survival in an Inflation Era: Cut Fixed Costs, Control Spending, and Protect Cash Flow","Household Survival in an Inflation Era: Cut Fixed Costs, Control Spending, and Protect Cash Flow",218,7,8,macro-market,,,,,,,,,,,false,,0,1,0,9,0,1,0,1,0,1,1,,,HOLD,45,Hold; avoid immediate content changes,VERY_LOW,false
/en/posts/personalFinance/interest-rate-1p-loan-limit-impact,en,post,personalFinance,EN_MAINTENANCE_ONLY,1pp Rate Increase and Korean Mortgage Capacity | DSR LTV Calculator,1pp Rate Increase and Korean Mortgage Capacity | DSR LTV Calculator,129,3,5,real-estate-loan,0,2,0,26,2026-06-17,2026-07-19,,,,,false,,,,,,0,2,0,2,0,2,1,,,HOLD,38,Hold; avoid immediate content changes,VERY_LOW,false
/en/posts/economicInfo/tariffs-growth-margins-fx-package-shock,en,post,economicInfo,EN_MAINTENANCE_ONLY,"Tariffs as a Package Shock: Growth, Margins, FX, and Inflation Move Together","Tariffs as a Package Shock: Growth, Margins, FX, and Inflation Move Together",193,6,6,macro-market,0,1,0,36,2026-06-17,2026-07-19,,,,,false,,,,,,0,1,0,1,0,1,1,,,HOLD,8,Hold; avoid immediate content changes,VERY_LOW,false
/en/posts/personalFinance/apt-dashboard-home-goal-roadmap,en,post,personalFinance,EN_MAINTENANCE_ONLY,A 3-Step Home-Buying Roadmap Using Real Estate Transaction Data: Turn Anxiety Into Rules (Not Predictions),A 3-Step Home-Buying Roadmap Using Real Estate Transaction Data: Turn Anxiety Into Rules (Not Predictions),298,8,8,real-estate-loan,,,,,,,,,,,false,,,,,,,,,,,,,,,NO_DATA,30,No action until more search data,VERY_LOW,false
/posts/personalFinance/apt-dashboard-home-goal-roadmap,ko,post,personalFinance,SUPPORTING_ARTICLE,서울·경기·인천 아파트 실거래 대시보드로 ‘내 집 마련 목표’를 숫자로 바꾸는 3단계 로드맵,서울·경기·인천 아파트 실거래 대시보드로 ‘내 집 마련 목표’를 숫자로 바꾸는 3단계 로드맵,131,10,9,real-estate-loan,,,,,,,,,,,false,,,,,,,,,,,,,,,NO_DATA,30,No action until more search data,VERY_LOW,false
/posts/personalFinance/fire-3-numbers-spending-horizon-withdrawal,ko,post,personalFinance,SUPPORTING_ARTICLE,은퇴자산 목표는 ‘3개 숫자’로 결정된다: 연지출·은퇴기간·인출률(4%룰 오해까지) + FIRE 툴로 10분 계산,은퇴자산 목표는 ‘3개 숫자’로 결정된다: 연지출·은퇴기간·인출률(4%룰 오해까지) + FIRE 툴로 10분 계산,139,3,9,real-estate-loan,,,,,,,,,,,false,,,,,,,,,,,,,,,NO_DATA,30,No action until more search data,VERY_LOW,false
/posts/economicInfo/yield-curve-2s10s-3m10y-recession-reading,ko,post,economicInfo,SUPPORTING_ARTICLE,"수익률곡선(2y~10y, 3m~10y)은 왜 다르게 말하나: 침체 신호 해석법","수익률곡선(2y~10y, 3m~10y)은 왜 다르게 말하나: 침체 신호 해석법",166,8,10,real-estate-loan,,,,,,,,,,,false,,,,,,,,,,,,,,,NO_DATA,26,No action until more search data,VERY_LOW,false
/posts/investingInfo/etf-impact-of-tnx,ko,post,investingInfo,SUPPORTING_ARTICLE,TNX가 ETF 수익률을 흔드는 이유: 성장주·가치주·신흥국 ETF,TNX가 ETF 수익률을 흔드는 이유: 성장주·가치주·신흥국 ETF,62,7,6,real-estate-loan,,,,,,,,,,,false,,,,,,,,,,,,,,,NO_DATA,26,No action until more search data,VERY_LOW,false
/en/posts/personalFinance/monthly-dca-10-year-result,en,post,personalFinance,EN_MAINTENANCE_ONLY,Investing $500 a Month for 10 Years: DCA Calculator Example,Investing $500 a Month for 10 Years: DCA Calculator Example,167,8,9,compound-goal,,,,,,,,,,,false,,,,,,,,,,,,,,,NO_DATA,20,No action until more search data,VERY_LOW,false
/posts/personalFinance/compound-calculator-guide,ko,post,personalFinance,SUPPORTING_ARTICLE,복리 계산기 사용법: 월복리·연복리·적립식 결과 보는 법,복리 계산기 사용법: 월복리·연복리·적립식 결과 보는 법,113,3,1,compound-goal,,,,,,,,,,,false,,,,,,,,,,,,,,,NO_DATA,20,No action until more search data,VERY_LOW,false
/posts/personalFinance/fire-assumption-errors-7-fixes,ko,post,personalFinance,SUPPORTING_ARTICLE,FIRE 계산이 틀리는 가장 흔한 이유 7가지: 수익률·인플레·세금·현금흐름 가정을 현실로 내리는 법 + 툴로 민감도 체크,FIRE 계산이 틀리는 가장 흔한 이유 7가지: 수익률·인플레·세금·현금흐름 가정을 현실로 내리는 법 + 툴로 민감도 체크,154,0,9,compound-goal,,,,,,,,,,,false,,,,,,,,,,,,,,,NO_DATA,20,No action until more search data,VERY_LOW,false
/posts/personalFinance/goal-amount-fast-strategy,ko,post,personalFinance,SUPPORTING_ARTICLE,목표 금액 빨리 모으는 법: 원금·수익률·기간 중 무엇을 바꿀까?,목표 금액 빨리 모으는 법: 원금·수익률·기간 중 무엇을 바꿀까?,73,7,7,compound-goal,,,,,,,,,,,false,,,,,,,,,,,,,,,NO_DATA,20,No action until more search data,VERY_LOW,false
/posts/personalFinance/how-much-monthly-invest-for-100m,ko,post,personalFinance,SUPPORTING_ARTICLE,1억원 만들려면 매달 얼마를 투자해야 할까? 목표금액별 적립식 투자 계산,1억원 만들려면 매달 얼마를 투자해야 할까? 목표금액별 적립식 투자 계산,103,1,4,compound-goal,,,,,,,,,,,false,,,,,,,,,,,,,,,NO_DATA,20,No action until more search data,VERY_LOW,false
/posts/personalFinance/monthly-investment-for-100m-table,ko,post,personalFinance,SUPPORTING_ARTICLE,1억 만들기 월 투자금 표 | 5년 10년 15년 20년 수익률별 계산,1억 만들기 월 투자금 표 | 5년 10년 15년 20년 수익률별 계산,74,1,5,compound-goal,,,,,,,,,,,false,,,,,,,,,,,,,,,NO_DATA,20,No action until more search data,VERY_LOW,false
/en/market,en,market,realEstate,EN_MAINTENANCE_ONLY,Financial and Real Estate Market Data,Market Data Dashboard,0,1,5,real-estate-data,,,,,,,,,,,false,,,,,,,,,,,,,,,NO_DATA,18,No action until more search data,VERY_LOW,true
/en/market/real-estate/gyeonggi-apartment-top100,en,market,realEstate,EN_MAINTENANCE_ONLY,,,0,1,0,real-estate-loan,,,,,,,,,,,false,,,,,,,,,,,,,,,NO_DATA,18,No action until more search data,VERY_LOW,true
/en/market/real-estate/incheon-apartment-top100,en,market,realEstate,EN_MAINTENANCE_ONLY,,,0,1,0,real-estate-loan,,,,,,,,,,,false,,,,,,,,,,,,,,,NO_DATA,18,No action until more search data,VERY_LOW,true
/en/market/real-estate/seoul-apartment-top100,en,market,realEstate,EN_MAINTENANCE_ONLY,,,0,1,0,real-estate-loan,,,,,,,,,,,false,,,,,,,,,,,,,,,NO_DATA,18,No action until more search data,VERY_LOW,true
/en/market/real-estate/songpa-top100,en,market,realEstate,EN_MAINTENANCE_ONLY,Songpa (Jamsil) Apartment Prices Top 100 | Official Transactions,Songpa (Jamsil) Apartment Prices Top 100,0,5,6,real-estate-loan,,,,,,,,,,,false,,,,,,,,,,,,,,,NO_DATA,18,No action until more search data,VERY_LOW,true
/en/posts/economicInfo/geopolitics-oil-fx-dashboard,en,post,economicInfo,EN_MAINTENANCE_ONLY,From Geopolitics to Korea Housing: The 5-Step Transmission Chain (CPI → Rates → Mortgages → Sentiment → Volume),From Geopolitics to Korea Housing: The 5-Step Transmission Chain (CPI → Rates → Mortgages → Sentiment → Volume),289,1,6,real-estate-loan,,,,,,,,,,,false,,,,,,,,,,,,,,,NO_DATA,18,No action until more search data,VERY_LOW,false
/en/posts/economicInfo/inflation-basics,en,post,economicInfo,EN_MAINTENANCE_ONLY,Inflation and Interest Rates: A Long-Term Investor's Core Framework,Inflation and Interest Rates: A Long-Term Investor's Core Framework,137,2,5,real-estate-loan,,,,,,,,,,,false,,,,,,,,,,,,,,,NO_DATA,18,No action until more search data,VERY_LOW,false
/en/posts/investingInfo/rates-discount-mortgage-demand-apt-prices,en,post,investingInfo,EN_MAINTENANCE_ONLY,"How Rates (Discount Rate) Transmit Into Korea Apartment Prices: Mortgage Rates, Demand, and Sentiment Channels","How Rates (Discount Rate) Transmit Into Korea Apartment Prices: Mortgage Rates, Demand, and Sentiment Channels",343,1,8,real-estate-loan,,,,,,,,,,,false,,,,,,,,,,,,,,,NO_DATA,18,No action until more search data,VERY_LOW,false
/en/posts/investingInfo/real-estate-role-in-portfolio-risk-budget,en,post,investingInfo,EN_MAINTENANCE_ONLY,"Real Estate Is a Role, Not a Weight: Korea’s Modern 60/40 Risk Budget (with the Apartment Dashboard)","Real Estate Is a Role, Not a Weight: Korea’s Modern 60/40 Risk Budget (with the Apartment Dashboard)",305,0,6,real-estate-loan,,,,,,,,,,,false,,,,,,,,,,,,,,,NO_DATA,18,No action until more search data,VERY_LOW,false
/en/posts/investingInfo/seoul-gyeonggi-incheon-risk-budget-framework,en,post,investingInfo,EN_MAINTENANCE_ONLY,"Seoul vs Gyeonggi vs Incheon as a Risk-Budget Problem: Volatility, Liquidity, Recovery Resilience","Seoul vs Gyeonggi vs Incheon as a Risk-Budget Problem: Volatility, Liquidity, Recovery Resilience",199,2,6,real-estate-data,,,,,,,,,,,false,,,,,,,,,,,,,,,NO_DATA,18,No action until more search data,VERY_LOW,false
/en/posts/personalFinance/apartment-transaction-volume-decline-meaning,en,post,personalFinance,EN_MAINTENANCE_ONLY,What Falling Korean Apartment Transaction Volume Means,What Falling Korean Apartment Transaction Volume Means,189,0,4,real-estate-loan,,,,,,,,,,,false,,,,,,,,,,,,,,,NO_DATA,18,No action until more search data,VERY_LOW,false
/en/posts/personalFinance/emergency-fund-by-risk,en,post,personalFinance,EN_MAINTENANCE_ONLY,"Your Emergency Fund Isn’t a ‘Months’ Number — It’s a Risk Number (Job, Family, Debt)","Your Emergency Fund Isn’t a ‘Months’ Number — It’s a Risk Number (Job, Family, Debt)",197,12,8,real-estate-loan,,,,,,,,,,,false,,,,,,,,,,,,,,,NO_DATA,18,No action until more search data,VERY_LOW,true
/en/posts/personalFinance/how-to-read-apartment-transaction-prices,en,post,personalFinance,EN_MAINTENANCE_ONLY,How to Read Korean Apartment Transaction Prices | Median Average Unit Price,How to Read Korean Apartment Transaction Prices | Median Average Unit Price,191,0,5,real-estate-loan,,,,,,,,,,,false,,,,,,,,,,,,,,,NO_DATA,18,No action until more search data,VERY_LOW,false
/en/posts/personalFinance/large-apartment-complex-households-price-stability,en,post,personalFinance,EN_MAINTENANCE_ONLY,Large Apartment Complexes in Korea | Household Count Volume Unit Price,Large Apartment Complexes in Korea | Household Count Volume Unit Price,174,0,5,real-estate-loan,,,,,,,,,,,false,,,,,,,,,,,,,,,NO_DATA,18,No action until more search data,VERY_LOW,false
/en/posts/personalFinance/mortgage-risk-checklist-dsr-variable,en,post,personalFinance,EN_MAINTENANCE_ONLY,Korean Apartment Mortgage Risk Checklist | DSR LTV Rate Cash Buffer,Korean Apartment Mortgage Risk Checklist | DSR LTV Rate Cash Buffer,184,5,5,real-estate-loan,,,,,,,,,,,false,,,,,,,,,,,,,,,NO_DATA,18,No action until more search data,VERY_LOW,false
/en/posts/personalFinance/rent-jeonse-buy-cashflow-opportunity-cost,en,post,personalFinance,EN_MAINTENANCE_ONLY,"Rent vs Jeonse vs Buy: Not “Cheaper,” but “Safer” — Compare Cash Flow, Opportunity Cost, and Risk Triggers","Rent vs Jeonse vs Buy: Not “Cheaper,” but “Safer” — Compare Cash Flow, Opportunity Cost, and Risk Triggers",279,1,8,real-estate-loan,,,,,,,,,,,false,,,,,,,,,,,,,,,NO_DATA,18,No action until more search data,VERY_LOW,true
/en/tools/home-buying-budget-calculator,en,tool,tools,EN_MAINTENANCE_ONLY,"Home Buying Budget Calculator for Korea: Cash, DSR, LTV & Mortgage Payment",Home Buying Budget Calculator,126,2,5,real-estate-loan,,,,,,,,,,,false,,,,,,,,,,,,,,,NO_DATA,18,No action until more search data,VERY_LOW,false
/en/tools/mortgage-loan-calculator,en,tool,tools,EN_MAINTENANCE_ONLY,Mortgage Payment Calculator - Monthly Korean Apartment Loan Payment,Mortgage Payment Calculator,173,3,0,real-estate-loan,,,,,,,,,,,false,,,,,,,,,,,,,,,NO_DATA,18,No action until more search data,VERY_LOW,false
/market/real-estate/incheon-apartment-top100,ko,market,realEstate,DATA_PAGE,,,0,5,0,real-estate-loan,,,,,,,,,,,false,,,,,,,,,,,,,,,NO_DATA,18,No action until more search data,VERY_LOW,true
/posts/economicInfo/eu-russia-gas-phaseout-price-channel,ko,post,economicInfo,SUPPORTING_ARTICLE,EU의 러시아 가스 축소가 에너지 가격을 흔드는 방식: 계약·저장·대체의 3요소,EU의 러시아 가스 축소가 에너지 가격을 흔드는 방식: 계약·저장·대체의 3요소,84,0,8,real-estate-loan,,,,,,,,,,,false,,,,,,,,,,,,,,,NO_DATA,18,No action until more search data,VERY_LOW,false
/posts/economicInfo/geopolitics-oil-fx-dashboard,ko,post,economicInfo,SUPPORTING_ARTICLE,지정학·유가·환율 충격이 서울·경기·인천 집값에 전이되는 5단 체인: 물가→금리→대출→심리→거래량,지정학·유가·환율 충격이 서울·경기·인천 집값에 전이되는 5단 체인: 물가→금리→대출→심리→거래량,130,1,8,real-estate-loan,,,,,,,,,,,false,,,,,,,,,,,,,,,NO_DATA,18,No action until more search data,VERY_LOW,false
/posts/economicInfo/gold-geopolitics-real-rates-dollar-uncertainty,ko,post,economicInfo,SUPPORTING_ARTICLE,중동 리스크에서 금이 강한 이유: ‘전쟁’이 아니라 실질금리·달러·불확실성의 합,중동 리스크에서 금이 강한 이유: ‘전쟁’이 아니라 실질금리·달러·불확실성의 합,102,0,9,real-estate-loan,,,,,,,,,,,false,,,,,,,,,,,,,,,NO_DATA,18,No action until more search data,VERY_LOW,false
/posts/economicInfo/inflation-basics,ko,post,economicInfo,SUPPORTING_ARTICLE,물가와 금리 기본 구조: 장기 투자자가 봐야 할 인플레이션 흐름,물가와 금리 기본 구조: 장기 투자자가 봐야 할 인플레이션 흐름,57,1,7,real-estate-loan,,,,,,,,,,,false,,,,,,,,,,,,,,,NO_DATA,18,No action until more search data,VERY_LOW,false
/posts/economicInfo/oil-shock-to-usdkrw-korea-transmission,ko,post,economicInfo,SUPPORTING_ARTICLE,유가 급등이 원/달러에 미치는 영향: 한국식 전파 경로(무역수지·물가·수급)로 읽기,유가 급등이 원/달러에 미치는 영향: 한국식 전파 경로(무역수지·물가·수급)로 읽기,89,9,9,real-estate-loan,,,,,,,,,,,false,,,,,,,,,,,,,,,NO_DATA,18,No action until more search data,VERY_LOW,false
/posts/investingInfo/fx-hedge-vs-fx-exposure-korea-3-conditions,ko,post,investingInfo,SUPPORTING_ARTICLE,환헤지 vs 환노출: 국내 개인 투자자(원화 기준)에게 ‘정답’이 달라지는 3가지 조건,환헤지 vs 환노출: 국내 개인 투자자(원화 기준)에게 ‘정답’이 달라지는 3가지 조건,182,0,8,real-estate-loan,,,,,,,,,,,false,,,,,,,,,,,,,,,NO_DATA,18,No action until more search data,VERY_LOW,false
/posts/investingInfo/korea-etf-deep-dive-tnx,ko,post,investingInfo,SUPPORTING_ARTICLE,"한국 ETF가 TNX에 민감한 이유: 환율, 외국인 수급, 반도체 구조","한국 ETF가 TNX에 민감한 이유: 환율, 외국인 수급, 반도체 구조",60,4,6,real-estate-loan,,,,,,,,,,,false,,,,,,,,,,,,,,,NO_DATA,18,No action until more search data,VERY_LOW,false
/posts/investingInfo/rates-discount-mortgage-demand-apt-prices,ko,post,investingInfo,SUPPORTING_ARTICLE,금리(할인율)는 어떻게 서울·경기·인천 아파트 가격을 흔드는가: 대출금리·수요·심리 3채널로 분해하기,금리(할인율)는 어떻게 서울·경기·인천 아파트 가격을 흔드는가: 대출금리·수요·심리 3채널로 분해하기,98,1,10,real-estate-loan,,,,,,,,,,,false,,,,,,,,,,,,,,,NO_DATA,18,No action until more search data,VERY_LOW,false
/posts/investingInfo/real-estate-role-in-portfolio-risk-budget,ko,post,investingInfo,LOW_PRIORITY,가계 자산배분에서 부동산은 ‘비중’이 아니라 ‘역할’이다: 현대형 60/40(리스크 예산)로 다시 설계하기,가계 자산배분에서 부동산은 ‘비중’이 아니라 ‘역할’이다: 현대형 60/40(리스크 예산)로 다시 설계하기,144,0,8,real-estate-data,,,,,,,,,,,false,,,,,,,,,,,,,,,NO_DATA,18,No action until more search data,VERY_LOW,false
/posts/investingInfo/seoul-gyeonggi-incheon-risk-budget-framework,ko,post,investingInfo,LOW_PRIORITY,서울·경기·인천을 ‘지역 선택’이 아니라 ‘리스크 예산’으로 읽는 법: 변동성·유동성·회복탄력 3축,서울·경기·인천을 ‘지역 선택’이 아니라 ‘리스크 예산’으로 읽는 법: 변동성·유동성·회복탄력 3축,135,2,8,real-estate-data,,,,,,,,,,,false,,,,,,,,,,,,,,,NO_DATA,18,No action until more search data,VERY_LOW,false
/posts/investingInfo/sp500-impact-on-korea-kospi,ko,post,investingInfo,SUPPORTING_ARTICLE,미국 증시(S&P500)가 한국 경제·코스피에 미치는 영향: 환율·금리·외국인 수급의 연결고리,미국 증시(S&P500)가 한국 경제·코스피에 미치는 영향: 환율·금리·외국인 수급의 연결고리,100,10,18,real-estate-loan,,,,,,,,,,,false,,,,,,,,,,,,,,,NO_DATA,18,No action until more search data,VERY_LOW,false
/posts/investingInfo/us10y-impact-on-korea-and-stock-market,ko,post,investingInfo,SUPPORTING_ARTICLE,미국 10년물 국채금리 TNX가 한국 주식시장과 환율에 미치는 영향,미국 10년물 국채금리 TNX가 한국 주식시장과 환율에 미치는 영향,60,8,6,real-estate-loan,,,,,,,,,,,false,,,,,,,,,,,,,,,NO_DATA,18,No action until more search data,VERY_LOW,false
/posts/personalFinance/apartment-buying-calculator-guide,ko,post,personalFinance,SUPPORTING_ARTICLE,아파트 구매 계산기: 집값·현금·대출·월상환액 한 번에 보는 법,아파트 구매 계산기: 집값·현금·대출·월상환액 한 번에 보는 법,111,0,6,real-estate-loan,,,,,,,,,,,false,,,,,,,,,,,,,,,NO_DATA,18,No action until more search data,VERY_LOW,false
/posts/personalFinance/apartment-buying-costs-before-purchase,ko,post,personalFinance,SUPPORTING_ARTICLE,아파트 매수 전 계산해야 할 비용 5가지 | DSR LTV 현금표,아파트 매수 전 계산해야 할 비용 5가지 | DSR LTV 현금표,89,2,6,real-estate-loan,,,,,,,,,,,false,,,,,,,,,,,,,,,NO_DATA,18,No action until more search data,VERY_LOW,false
/posts/personalFinance/apartment-transaction-volume-decline-meaning,ko,post,personalFinance,SUPPORTING_ARTICLE,아파트 거래량 감소 의미 | 거래량 줄면 집값은 어떻게 봐야 할까,아파트 거래량 감소 의미 | 거래량 줄면 집값은 어떻게 봐야 할까,91,0,4,real-estate-loan,,,,,,,,,,,false,,,,,,,,,,,,,,,NO_DATA,18,No action until more search data,VERY_LOW,false
/posts/personalFinance/dsr-pass-ltv-cash-bottleneck,ko,post,personalFinance,SUPPORTING_ARTICLE,DSR 통과 후 LTV 현금 부대비용 병목 이해하기 | 아파트 구매 가능 금액,DSR 통과 후 LTV 현금 부대비용 병목 이해하기 | 아파트 구매 가능 금액,74,8,5,real-estate-loan,,,,,,,,,,,false,,,,,,,,,,,,,,,NO_DATA,18,No action until more search data,VERY_LOW,false
/posts/personalFinance/emergency-fund-by-risk,ko,post,personalFinance,SUPPORTING_ARTICLE,비상금은 ‘몇 개월’이 아니라 ‘리스크’로 정한다: 직장·가족·대출 기준표로 끝내기,비상금은 ‘몇 개월’이 아니라 ‘리스크’로 정한다: 직장·가족·대출 기준표로 끝내기,119,14,10,real-estate-loan,,,,,,,,,,,false,,,,,,,,,,,,,,,NO_DATA,18,No action until more search data,VERY_LOW,false
/posts/personalFinance/fire-sequence-risk-first-5-years,ko,post,personalFinance,SUPPORTING_ARTICLE,은퇴 직전·직후 5년이 FIRE를 결정한다: ‘순서 리스크’(초반 급락)와 인출 전략을 정리 + 툴로 스트레스 테스트,은퇴 직전·직후 5년이 FIRE를 결정한다: ‘순서 리스크’(초반 급락)와 인출 전략을 정리 + 툴로 스트레스 테스트,163,1,9,real-estate-loan,,,,,,,,,,,false,,,,,,,,,,,,,,,NO_DATA,18,No action until more search data,VERY_LOW,false
/posts/personalFinance/high-rate-debt-vs-invest-threshold-rule,ko,post,personalFinance,SUPPORTING_ARTICLE,"고금리 시대: 빚부터 갚을까, 투자부터 할까? (이자율 ‘임계값’ 룰)","고금리 시대: 빚부터 갚을까, 투자부터 할까? (이자율 ‘임계값’ 룰)",179,10,9,real-estate-loan,,,,,,,,,,,false,,,,,,,,,,,,,,,NO_DATA,18,No action until more search data,VERY_LOW,false
/posts/personalFinance/how-to-read-apartment-transaction-prices,ko,post,personalFinance,SUPPORTING_ARTICLE,아파트 실거래가 보는 법 | 평균가 중앙값 평단가 거래량,아파트 실거래가 보는 법 | 평균가 중앙값 평단가 거래량,95,0,6,real-estate-loan,,,,,,,,,,,false,,,,,,,,,,,,,,,NO_DATA,18,No action until more search data,VERY_LOW,false
/posts/personalFinance/interest-rate-1p-loan-limit-impact,ko,post,personalFinance,SUPPORTING_ARTICLE,금리 1%p 상승 시 주담대 한도 변화 | DSR/LTV 계산기,금리 1%p 상승 시 주담대 한도 변화 | DSR/LTV 계산기,92,6,5,real-estate-loan,,,,,,,,,,,false,,,,,,,,,,,,,,,NO_DATA,18,No action until more search data,VERY_LOW,false
/posts/personalFinance/jeonse-to-home-purchase-cash-needed,ko,post,personalFinance,SUPPORTING_ARTICLE,전세에서 매매 갈아타기 필요한 현금 | DSR LTV 계산,전세에서 매매 갈아타기 필요한 현금 | DSR LTV 계산,80,0,6,real-estate-loan,,,,,,,,,,,false,,,,,,,,,,,,,,,NO_DATA,18,No action until more search data,VERY_LOW,false
/posts/personalFinance/large-apartment-complex-households-price-stability,ko,post,personalFinance,SUPPORTING_ARTICLE,대단지 아파트 가격 안정성 | 세대수 거래량 평단가 보는 법,대단지 아파트 가격 안정성 | 세대수 거래량 평단가 보는 법,92,0,5,real-estate-loan,,,,,,,,,,,false,,,,,,,,,,,,,,,NO_DATA,18,No action until more search data,VERY_LOW,false
/posts/personalFinance/ltv-dsr-calculator-guide,ko,post,personalFinance,SUPPORTING_ARTICLE,LTV DSR 계산기 사용법: 주담대 한도 계산 순서,LTV DSR 계산기 사용법: 주담대 한도 계산 순서,108,0,6,real-estate-loan,,,,,,,,,,,false,,,,,,,,,,,,,,,NO_DATA,18,No action until more search data,VERY_LOW,false
/posts/personalFinance/mortgage-risk-checklist-dsr-variable,ko,post,personalFinance,SUPPORTING_ARTICLE,아파트 매수 전 대출 리스크 체크리스트 | DSR LTV 금리 비상금,아파트 매수 전 대출 리스크 체크리스트 | DSR LTV 금리 비상금,77,8,5,real-estate-loan,,,,,,,,,,,false,,,,,,,,,,,,,,,NO_DATA,18,No action until more search data,VERY_LOW,false
/posts/personalFinance/salary-40m-mortgage-limit,ko,post,personalFinance,SUPPORTING_ARTICLE,연봉 4000만원 주담대 가능액 계산 | DSR 40% LTV 예산표,연봉 4000만원 주담대 가능액 계산 | DSR 40% LTV 예산표,78,0,5,real-estate-loan,,,,,,,,,,,false,,,,,,,,,,,,,,,NO_DATA,18,No action until more search data,VERY_LOW,false
/posts/personalFinance/salary-50m-dsr-40-loan-limit,ko,post,personalFinance,SUPPORTING_ARTICLE,연봉 5000만원 DSR 40% 대출 가능액 | 주담대 한도표,연봉 5000만원 DSR 40% 대출 가능액 | 주담대 한도표,83,0,6,real-estate-loan,,,,,,,,,,,false,,,,,,,,,,,,,,,NO_DATA,18,No action until more search data,VERY_LOW,false
/tools/home-buying-budget-calculator,ko,tool,tools,PRIMARY_TOOL,아파트 구매 계산기 - 보유 현금·주담대 한도·DSR LTV 예산 계산,아파트 구매 계산기,88,7,5,real-estate-loan,,,,,,,,,,,false,,,,,,,,,,,,,,,NO_DATA,18,No action until more search data,VERY_LOW,false
/tools/mortgage-loan-calculator,ko,tool,tools,PRIMARY_TOOL,주담대 원리금 계산기 - 아파트 담보대출 월상환액 계산,주담대 원리금 계산기: 아파트 담보대출 월상환액 계산,89,4,0,real-estate-loan,,,,,,,,,,,false,,,,,,,,,,,,,,,NO_DATA,18,No action until more search data,VERY_LOW,false
/en/posts/personalFinance/goal-amount-fast-strategy,en,post,personalFinance,EN_MAINTENANCE_ONLY,"Reach Your Target Amount Faster: Contribution, Return, or Time?","Reach Your Target Amount Faster: Contribution, Return, or Time?",149,5,4,compound-goal,,,,,,,,,,,false,,,,,,,,,,,,,,,NO_DATA,12,No action until more search data,VERY_LOW,false
/en/posts/personalFinance/personal-start-5steps,en,post,personalFinance,EN_MAINTENANCE_ONLY,First Salary Budget Setup: 5 Steps for Young Professionals,First Salary Budget Setup: 5 Steps for Young Professionals,141,1,9,compound-goal,,,,,,,,,,,false,,,,,,,,,,,,,,,NO_DATA,12,No action until more search data,VERY_LOW,false
/en/posts/personalFinance/simple-vs-compound,en,post,personalFinance,EN_MAINTENANCE_ONLY,Simple vs Compound Interest: Monthly Investing Example,Simple vs Compound Interest: Monthly Investing Example,149,7,5,compound-goal,,,,,,,,,,,false,,,,,,,,,,,,,,,NO_DATA,12,No action until more search data,VERY_LOW,false
/en/tools/compound-interest,en,tool,tools,EN_MAINTENANCE_ONLY,"Compound Interest Calculator: Future Value, Monthly Contributions & Taxes",Compound Interest Calculator for Future Value,175,23,0,compound-goal,,,,,,,,,,,false,,,,,,,,,,,,,,,NO_DATA,12,No action until more search data,VERY_LOW,false
/posts/personalFinance/personal-start-5steps,ko,post,personalFinance,SUPPORTING_ARTICLE,사회초년생 월급 관리 5단계: 예산·비상금·복리 투자 시작법,사회초년생 월급 관리 5단계: 예산·비상금·복리 투자 시작법,64,1,7,compound-goal,,,,,,,,,,,false,,,,,,,,,,,,,,,NO_DATA,12,No action until more search data,VERY_LOW,false
/en/posts/personalFinance/dca-fx-volatility-decomposition,en,post,personalFinance,EN_MAINTENANCE_ONLY,DCA Returns Are “Asset Return + Currency Return”: A Volatility Decomposition Framework That Reduces Panic and Rule-Drift,DCA Returns Are “Asset Return + Currency Return”: A Volatility Decomposition Framework That Reduces Panic and Rule-Drift,424,1,7,dca-cagr,,,,,,,,,,,false,,,,,,,,,,,,,,,NO_DATA,8,No action until more search data,VERY_LOW,false
/en/posts/personalFinance/fire-3-numbers-spending-horizon-withdrawal,en,post,personalFinance,EN_MAINTENANCE_ONLY,"FIRE Is Just 3 Numbers: Annual Spending, Retirement Horizon, and Withdrawal Rate (Then Validate in 10 Minutes)","FIRE Is Just 3 Numbers: Annual Spending, Retirement Horizon, and Withdrawal Rate (Then Validate in 10 Minutes)",349,0,7,dca-cagr,,,,,,,,,,,false,,,,,,,,,,,,,,,NO_DATA,8,No action until more search data,VERY_LOW,false
/posts/investingInfo/dca-consistency-7-fail-patterns,ko,post,investingInfo,SUPPORTING_ARTICLE,적립식(DCA)은 ‘수익률’이 아니라 ‘지속성’ 게임: 실패하는 DCA 패턴 7가지,적립식(DCA)은 ‘수익률’이 아니라 ‘지속성’ 게임: 실패하는 DCA 패턴 7가지,87,7,10,dca-cagr,,,,,,,,,,,false,,,,,,,,,,,,,,,NO_DATA,8,No action until more search data,VERY_LOW,false
/posts/investingInfo/diagnose-investing-skill-with-cagr,ko,post,investingInfo,SUPPORTING_ARTICLE,CAGR로 투자 실력 진단하기: MDD·변동성·샤프비율 함께 보기,CAGR로 투자 실력 진단하기: MDD·변동성·샤프비율 함께 보기,76,5,5,dca-cagr,,,,,,,,,,,false,,,,,,,,,,,,,,,NO_DATA,8,No action until more search data,VERY_LOW,false
/posts/investingInfo/modern-6040-risk-budget,ko,post,investingInfo,SUPPORTING_ARTICLE,요즘형 60/40: 주식·채권·현금·금(또는 원자재)로 ‘리스크 예산’ 짜기,요즘형 60/40: 주식·채권·현금·금(또는 원자재)로 ‘리스크 예산’ 짜기,137,5,10,dca-cagr,,,,,,,,,,,false,,,,,,,,,,,,,,,NO_DATA,8,No action until more search data,VERY_LOW,false
/posts/personalFinance/dca-fx-volatility-decomposition,ko,post,personalFinance,SUPPORTING_ARTICLE,해외자산 DCA에서 ‘수익률 변동’과 ‘환율 변동’을 분리해 읽는 법: 한국 사용자용 운영 규칙(불안·중단 방지),해외자산 DCA에서 ‘수익률 변동’과 ‘환율 변동’을 분리해 읽는 법: 한국 사용자용 운영 규칙(불안·중단 방지),90,0,8,dca-cagr,,,,,,,,,,,false,,,,,,,,,,,,,,,NO_DATA,8,No action until more search data,VERY_LOW,false
/posts/personalFinance/dca-vs-lump-sum-when-results-differ,ko,post,personalFinance,SUPPORTING_ARTICLE,"적립식 투자와 일괄투자, 언제 결과가 달라질까? DCA 비교 계산법","적립식 투자와 일괄투자, 언제 결과가 달라질까? DCA 비교 계산법",87,1,4,dca-cagr,,,,,,,,,,,false,,,,,,,,,,,,,,,NO_DATA,8,No action until more search data,VERY_LOW,false
/posts/personalFinance/dca-vs-lumpsum-decision-rules,ko,post,personalFinance,SUPPORTING_ARTICLE,DCA vs 일시금투자: 기대수익이 아니라 ‘후회·중단·변동성(실행 리스크)’로 결정하는 3단계 규칙,DCA vs 일시금투자: 기대수익이 아니라 ‘후회·중단·변동성(실행 리스크)’로 결정하는 3단계 규칙,107,5,8,dca-cagr,,,,,,,,,,,false,,,,,,,,,,,,,,,NO_DATA,8,No action until more search data,VERY_LOW,false
/posts/personalFinance/is-dca-better-in-bear-market,ko,post,personalFinance,SUPPORTING_ARTICLE,하락장에서 적립식 투자가 유리하다는 말은 진짜일까? DCA 시나리오로 보기,하락장에서 적립식 투자가 유리하다는 말은 진짜일까? DCA 시나리오로 보기,90,0,4,dca-cagr,,,,,,,,,,,false,,,,,,,,,,,,,,,NO_DATA,8,No action until more search data,VERY_LOW,false
/posts/personalFinance/monthly-dca-10-year-result,ko,post,personalFinance,SUPPORTING_ARTICLE,월 50만원 적립식 투자 10년 후 예상 금액: DCA 계산 예시,월 50만원 적립식 투자 10년 후 예상 금액: DCA 계산 예시,80,8,11,dca-cagr,,,,,,,,,,,false,,,,,,,,,,,,,,,NO_DATA,8,No action until more search data,VERY_LOW,false
/en/market/indices,en,market,realEstate,EN_MAINTENANCE_ONLY,시장 데이터를 불러오는 중입니다.,시장 데이터를 불러오는 중입니다.,0,4,5,general,,,,,,,,,,,false,,,,,,,,,,,,,,,NO_DATA,0,No action until more search data,VERY_LOW,true
/en/posts/economicInfo/eu-russia-gas-phaseout-price-channel,en,post,economicInfo,EN_MAINTENANCE_ONLY,"Europe’s Shift Away from Russian Gas: How Contracts, Storage, and Substitution Drive Prices","Europe’s Shift Away from Russian Gas: How Contracts, Storage, and Substitution Drive Prices",211,0,7,macro-market,,,,,,,,,,,false,,,,,,,,,,,,,,,NO_DATA,0,No action until more search data,VERY_LOW,true
/en/posts/economicInfo/gold-geopolitics-real-rates-dollar-uncertainty,en,post,economicInfo,EN_MAINTENANCE_ONLY,Why Gold Can Rise in Geopolitical Stress: Real Rates + USD + Uncertainty (and When It Doesn’t),Why Gold Can Rise in Geopolitical Stress: Real Rates + USD + Uncertainty (and When It Doesn’t),194,0,6,macro-market,,,,,,,,,,,false,,,,,,,,,,,,,,,NO_DATA,0,No action until more search data,VERY_LOW,true
/en/posts/economicInfo/policy-rate-cut-market-rates,en,post,economicInfo,EN_MAINTENANCE_ONLY,Rate Cuts vs Market Rates: Why Borrowing Costs May Stay High,Rate Cuts vs Market Rates: Why Borrowing Costs May Stay High,150,15,11,macro-market,,,,,,,,,,,false,,,,,,,,,,,,,,,NO_DATA,0,No action until more search data,VERY_LOW,false
/en/posts/investingInfo/fx-hedge-vs-fx-exposure-korea-3-conditions,en,post,investingInfo,EN_MAINTENANCE_ONLY,FX-Hedged vs Unhedged Korea Exposure: 3 Conditions That Change the Right Answer,FX-Hedged vs Unhedged Korea Exposure: 3 Conditions That Change the Right Answer,275,0,4,macro-market,,,,,,,,,,,false,,,,,,,,,,,,,,,NO_DATA,0,No action until more search data,VERY_LOW,false
/en/posts/investingInfo/us10y-impact-on-korea-and-stock-market,en,post,investingInfo,EN_MAINTENANCE_ONLY,"How TNX Affects Korea Stocks, USD/KRW, and Global Markets","How TNX Affects Korea Stocks, USD/KRW, and Global Markets",123,7,5,macro-market,,,,,,,,,,,false,,,,,,,,,,,,,,,NO_DATA,0,No action until more search data,VERY_LOW,false
/en/posts/investingInfo/wti-impact-on-korea-kospi,en,post,investingInfo,EN_MAINTENANCE_ONLY,"WTI Oil and the KOSPI: Inflation, USD/KRW, Rates and Sector Impact","WTI Oil and the KOSPI: Inflation, USD/KRW, Rates and Sector Impact",129,10,9,macro-market,,,,,,,,,,,false,,,,,,,,,,,,,,,NO_DATA,0,No action until more search data,VERY_LOW,false
/en/posts/personalFinance/fire-spending-buckets-essential-choice-insurance,en,post,personalFinance,EN_MAINTENANCE_ONLY,Retirement spending should be split into Essential / Lifestyle / Insurance (risk costs): build buffers and validate with the FIRE calculator,Retirement spending should be split into Essential / Lifestyle / Insurance (risk costs): build buffers and validate with the FIRE calculator,230,0,6,fire-retirement,,,,,,,,,,,false,,,,,,,,,,,,,,,NO_DATA,0,No action until more search data,VERY_LOW,false
/market/indices,ko,market,realEstate,DATA_PAGE,시장 데이터를 불러오는 중입니다.,시장 데이터를 불러오는 중입니다.,0,1,5,general,,,,,,,,,,,false,,,,,,,,,,,,,,,NO_DATA,0,No action until more search data,VERY_LOW,true
/posts/economicInfo/geopolitics-to-usd-liquidity-fx,ko,post,economicInfo,LOW_PRIORITY,전쟁이 달러 강세로 번역되는 순간: ‘안전자산’이 아니라 ‘달러 유동성’으로 읽기,전쟁이 달러 강세로 번역되는 순간: ‘안전자산’이 아니라 ‘달러 유동성’으로 읽기,110,8,7,macro-market,,,,,,,,,,,false,,,,,,,,,,,,,,,NO_DATA,0,No action until more search data,VERY_LOW,false
/posts/economicInfo/hormuz-risk-oil-insurance-freight-premium,ko,post,economicInfo,LOW_PRIORITY,중동 원유 수송 리스크 한 장으로 끝내기: 유가는 ‘봉쇄’보다 ‘보험료·운임 프리미엄’에 먼저 반응한다,중동 원유 수송 리스크 한 장으로 끝내기: 유가는 ‘봉쇄’보다 ‘보험료·운임 프리미엄’에 먼저 반응한다,96,1,9,macro-market,,,,,,,,,,,false,,,,,,,,,,,,,,,NO_DATA,0,No action until more search data,VERY_LOW,false
/posts/economicInfo/indicator-basics,ko,post,economicInfo,LOW_PRIORITY,경제지표 읽는 법: GDP·실업률·PMI를 실제로 쓰는 방법,경제지표 읽는 법: GDP·실업률·PMI를 실제로 쓰는 방법,73,4,8,macro-market,,,,,,,,,,,false,,,,,,,,,,,,,,,NO_DATA,0,No action until more search data,VERY_LOW,false
/posts/economicInfo/tariffs-growth-margins-fx-package-shock,ko,post,economicInfo,LOW_PRIORITY,관세는 ‘물가’만의 문제가 아니다: 성장·마진·환율을 동시에 흔드는 패키지 충격,관세는 ‘물가’만의 문제가 아니다: 성장·마진·환율을 동시에 흔드는 패키지 충격,94,8,9,macro-market,,,,,,,,,,,false,,,,,,,,,,,,,,,NO_DATA,0,No action until more search data,VERY_LOW,false
/posts/economicInfo/war-risk-oil-supply-insurance-shipping,ko,post,economicInfo,LOW_PRIORITY,전쟁 뉴스가 유가를 움직이는 3단계: 공급·보험·운송이 만드는 ‘리스크 프리미엄’,전쟁 뉴스가 유가를 움직이는 3단계: 공급·보험·운송이 만드는 ‘리스크 프리미엄’,114,1,9,macro-market,,,,,,,,,,,false,,,,,,,,,,,,,,,NO_DATA,0,No action until more search data,VERY_LOW,false
/posts/economicInfo/war-theme-investing-price-chain-not-winners,ko,post,economicInfo,LOW_PRIORITY,전쟁 테마의 함정: ‘수혜주’가 아니라 ‘가격 사슬(원가·운임·환율)’로 읽어야 한다,전쟁 테마의 함정: ‘수혜주’가 아니라 ‘가격 사슬(원가·운임·환율)’로 읽어야 한다,94,1,9,macro-market,,,,,,,,,,,false,,,,,,,,,,,,,,,NO_DATA,0,No action until more search data,VERY_LOW,false
/posts/investingInfo/dxy-market-impact,ko,post,investingInfo,LOW_PRIORITY,DXY가 변화하면 시장은 어떻게 움직일까? 미국 증시·환율·코스피까지,DXY가 변화하면 시장은 어떻게 움직일까? 미국 증시·환율·코스피까지,79,20,16,macro-market,,,,,,,,,,,false,,,,,,,,,,,,,,,NO_DATA,0,No action until more search data,VERY_LOW,false
/posts/personalFinance/fire-spending-buckets-essential-choice-insurance,ko,post,personalFinance,LOW_PRIORITY,은퇴 지출은 ‘필수·선택·보험(리스크 비용)’으로 나눠야 흔들리지 않는다: 생활비 설계 + FIRE 시뮬레이터로 안전마진 잡기,은퇴 지출은 ‘필수·선택·보험(리스크 비용)’으로 나눠야 흔들리지 않는다: 생활비 설계 + FIRE 시뮬레이터로 안전마진 잡기,127,0,9,fire-retirement,,,,,,,,,,,false,,,,,,,,,,,,,,,NO_DATA,0,No action until more search data,VERY_LOW,false
/posts/personalFinance/inflation-household-survival-strategy,ko,post,personalFinance,LOW_PRIORITY,"물가 상승 시대의 가계 생존전략: 생활비/고정비 줄이기, 현금흐름 관리(가계부·예산·비상금)","물가 상승 시대의 가계 생존전략: 생활비/고정비 줄이기, 현금흐름 관리(가계부·예산·비상금)",116,7,10,macro-market,,,,,,,,,,,false,,,,,,,,,,,,,,,NO_DATA,0,No action until more search data,VERY_LOW,false
