status,url,locale,content_type,category,role,previous_clicks,recent_clicks,click_delta,previous_impressions,recent_impressions,impression_delta,impression_change_rate,lost_impression_share,previous_ctr,recent_ctr,ctr_pp_delta,previous_position,recent_position,position_delta,path_group,inventory_match,sitemap_membership,current_title,current_h1,last_modified,recent_local_change,currently_deployed_change,diagnosis,confidence,recommended_action
MAJOR_IMPRESSION_LOSS,/tools/compound-interest,ko,calculator,tools,PRIMARY_TOOL,0,0,0,139,9,-130,-0.935252,0.321782,0,0,0,12.32,10.44,-1.88,/tools/,LOCAL_INVENTORY_MATCH,IN_SITEMAP,복리 계산기 | 월복리·적립식 투자 미래가치 계산,복리 계산기,,NOT_MODIFIED_BY_P1_2B,DEPLOY_DATE_PENDING_OR_UNKNOWN,MAJOR_IMPRESSION_LOSS,MEDIUM_STATIC_INVENTORY_JOIN,URL_INSPECTION_RECHECK
MAJOR_IMPRESSION_LOSS,/tools/cagr-calculator,ko,calculator,tools,PRIMARY_TOOL,0,0,0,47,3,-44,-0.93617,0.108911,0,0,0,8.53,11.33,2.8,/tools/,LOCAL_INVENTORY_MATCH,IN_SITEMAP,CAGR 계산기 (연평균 수익률·연복리 수익률·연평균 성장률),CAGR 계산기 (연평균 수익률·연복리 수익률·연평균 성장률),,NOT_MODIFIED_BY_P1_2B,DEPLOY_DATE_PENDING_OR_UNKNOWN,MAJOR_IMPRESSION_LOSS,MEDIUM_STATIC_INVENTORY_JOIN,URL_INSPECTION_RECHECK
LOW_SAMPLE,/tools/dca-calculator,ko,calculator,tools,PRIMARY_TOOL,0,0,0,18,2,-16,-0.888889,0.039604,0,0,0,8.17,14,5.83,/tools/,LOCAL_INVENTORY_MATCH,IN_SITEMAP,ETF·주식 자동 적립식 시뮬레이터 (DCA),ETF·주식 자동 적립식 시뮬레이터 (DCA),,NOT_MODIFIED_BY_P1_2B,DEPLOY_DATE_PENDING_OR_UNKNOWN,LOW_SAMPLE,MEDIUM_STATIC_INVENTORY_JOIN,NO_CHANGE_OBSERVE
POSITION_DROP,/posts/personalFinance/how-much-per-month-for-100m,ko,post,personalFinance,SUPPORTING_ARTICLE,0,0,0,21,11,-10,-0.47619,0.024752,0,0,0,7.48,18.64,11.16,/posts/,LOCAL_INVENTORY_MATCH,IN_SITEMAP,1억 모으려면 월 얼마? 5년·10년·15년 필요 투자금,1억 모으려면 월 얼마? 5년·10년·15년 필요 투자금,,NOT_MODIFIED_BY_P1_2B,DEPLOY_DATE_PENDING_OR_UNKNOWN,POSITION_DROP,MEDIUM_STATIC_INVENTORY_JOIN,NO_CHANGE_OBSERVE
LOW_SAMPLE,/market/real-estate,ko,real_estate,realEstate,PRIMARY_HUB,0,0,0,12,3,-9,-0.75,0.022277,0,0,0,5.67,14,8.33,/market/real-estate/,LOCAL_INVENTORY_MATCH,IN_SITEMAP,서울·경기·인천 아파트 실거래 대시보드,서울·경기·인천 아파트 실거래 대시보드,,NOT_MODIFIED_BY_P1_2B,DEPLOY_DATE_PENDING_OR_UNKNOWN,LOW_SAMPLE,MEDIUM_STATIC_INVENTORY_JOIN,NO_CHANGE_OBSERVE
DISAPPEARED_FROM_REPORT,/en,en,other,,,0,0,0,9,0,-9,-1,0.022277,0,,,1.78,,,other,INVENTORY_SCOPE_GAP,IN_SITEMAP,,,,NOT_MODIFIED_BY_P1_2B,DEPLOY_DATE_PENDING_OR_UNKNOWN,DISAPPEARED_FROM_REPORT,LOW_INVENTORY_GAP,URL_INSPECTION_RECHECK
LOW_SAMPLE,/sitemap-pages,ko,other,,,0,0,0,11,3,-8,-0.727273,0.019802,0,0,0,5.73,8.67,2.94,other,INVENTORY_SCOPE_GAP,IN_SITEMAP,,,,NOT_MODIFIED_BY_P1_2B,DEPLOY_DATE_PENDING_OR_UNKNOWN,LOW_SAMPLE,LOW_INVENTORY_GAP,NO_CHANGE_OBSERVE
LOW_SAMPLE,/market/real-estate/seoul-top100,ko,real_estate,realEstate,DATA_PAGE,0,0,0,9,1,-8,-0.888889,0.019802,0,0,0,2,1,-1,/market/real-estate/,LOCAL_INVENTORY_MATCH,IN_SITEMAP,서울 아파트 집값 Top 100 | 서울 실거래 순위,서울 아파트 집값 TOP 100,,NOT_MODIFIED_BY_P1_2B,DEPLOY_DATE_PENDING_OR_UNKNOWN,LOW_SAMPLE,MEDIUM_STATIC_INVENTORY_JOIN,NO_CHANGE_OBSERVE
LOW_SAMPLE,/market/real-estate/seoul-apartment-top100,ko,real_estate,realEstate,DATA_PAGE,0,0,0,9,2,-7,-0.777778,0.017327,0,0,0,4.22,24,19.78,/market/real-estate/,LOCAL_INVENTORY_MATCH,IN_SITEMAP,,,,NOT_MODIFIED_BY_P1_2B,DEPLOY_DATE_PENDING_OR_UNKNOWN,LOW_SAMPLE,MEDIUM_STATIC_INVENTORY_JOIN,NO_CHANGE_OBSERVE
DISAPPEARED_FROM_REPORT,/market/real-estate/apt/11440||신정동|서강GS,ko,real_estate,real-estate,,0,0,0,7,0,-7,-1,0.017327,0,,,9.57,,,/market/real-estate/,INVENTORY_SCOPE_GAP,NOT_FOUND_IN_LOCAL_SITEMAP,,,,NOT_MODIFIED_BY_P1_2B,DEPLOY_DATE_PENDING_OR_UNKNOWN,DISAPPEARED_FROM_REPORT,LOW_INVENTORY_GAP,URL_INSPECTION_RECHECK
DISAPPEARED_FROM_REPORT,/market/real-estate/apt/11680||삼성동|아이파크,ko,real_estate,real-estate,,0,0,0,7,0,-7,-1,0.017327,0,,,10.57,,,/market/real-estate/,INVENTORY_SCOPE_GAP,NOT_FOUND_IN_LOCAL_SITEMAP,,,,NOT_MODIFIED_BY_P1_2B,DEPLOY_DATE_PENDING_OR_UNKNOWN,DISAPPEARED_FROM_REPORT,LOW_INVENTORY_GAP,URL_INSPECTION_RECHECK
LOW_SAMPLE,/tools/goal-simulator,ko,calculator,tools,PRIMARY_TOOL,1,0,-1,16,10,-6,-0.375,0.014851,0.0625,0,-0.0625,7,11.4,4.4,/tools/,LOCAL_INVENTORY_MATCH,IN_SITEMAP,목표자산 도달 계산기 | 매달 얼마 투자해야 할까?,목표자산 도달 계산기 | 매달 얼마 투자해야 할까?,,NOT_MODIFIED_BY_P1_2B,DEPLOY_DATE_PENDING_OR_UNKNOWN,LOW_SAMPLE,MEDIUM_STATIC_INVENTORY_JOIN,NO_CHANGE_OBSERVE
LOW_SAMPLE,/posts/personalFinance/compound-return-3-5-7-10-table,ko,post,personalFinance,SUPPORTING_ARTICLE,0,0,0,9,3,-6,-0.666667,0.014851,0,0,0,7.89,35,27.11,/posts/,LOCAL_INVENTORY_MATCH,IN_SITEMAP,연 3% 5% 7% 10% 복리 결과 비교표 | 10년 20년 30년,연 3% 5% 7% 10% 복리 결과 비교표 | 10년 20년 30년,,NOT_MODIFIED_BY_P1_2B,DEPLOY_DATE_PENDING_OR_UNKNOWN,LOW_SAMPLE,MEDIUM_STATIC_INVENTORY_JOIN,NO_CHANGE_OBSERVE
LOW_SAMPLE,/market/real-estate/incheon-apartment-top100,ko,real_estate,realEstate,DATA_PAGE,0,0,0,8,2,-6,-0.75,0.014851,0,0,0,4.25,25,20.75,/market/real-estate/,LOCAL_INVENTORY_MATCH,IN_SITEMAP,,,,NOT_MODIFIED_BY_P1_2B,DEPLOY_DATE_PENDING_OR_UNKNOWN,LOW_SAMPLE,MEDIUM_STATIC_INVENTORY_JOIN,NO_CHANGE_OBSERVE
LOW_SAMPLE,/market/real-estate/gyeonggi-apartment-top100,ko,real_estate,realEstate,DATA_PAGE,0,0,0,8,2,-6,-0.75,0.014851,0,0,0,5.12,26,20.88,/market/real-estate/,LOCAL_INVENTORY_MATCH,IN_SITEMAP,,,,NOT_MODIFIED_BY_P1_2B,DEPLOY_DATE_PENDING_OR_UNKNOWN,LOW_SAMPLE,MEDIUM_STATIC_INVENTORY_JOIN,NO_CHANGE_OBSERVE
LOW_SAMPLE,/tools/fire-calculator,ko,calculator,tools,PRIMARY_TOOL,0,0,0,8,2,-6,-0.75,0.014851,0,0,0,20.25,15,-5.25,/tools/,LOCAL_INVENTORY_MATCH,IN_SITEMAP,,,,NOT_MODIFIED_BY_P1_2B,DEPLOY_DATE_PENDING_OR_UNKNOWN,LOW_SAMPLE,MEDIUM_STATIC_INVENTORY_JOIN,NO_CHANGE_OBSERVE
DISAPPEARED_FROM_REPORT,/market/real-estate/apt/11200||마장동|현대,ko,real_estate,real-estate,,0,0,0,6,0,-6,-1,0.014851,0,,,6.33,,,/market/real-estate/,INVENTORY_SCOPE_GAP,NOT_FOUND_IN_LOCAL_SITEMAP,,,,NOT_MODIFIED_BY_P1_2B,DEPLOY_DATE_PENDING_OR_UNKNOWN,DISAPPEARED_FROM_REPORT,LOW_INVENTORY_GAP,URL_INSPECTION_RECHECK
DISAPPEARED_FROM_REPORT,/market/real-estate/apt/11500||마곡동|길훈,ko,real_estate,real-estate,,0,0,0,6,0,-6,-1,0.014851,0,,,7.33,,,/market/real-estate/,INVENTORY_SCOPE_GAP,NOT_FOUND_IN_LOCAL_SITEMAP,,,,NOT_MODIFIED_BY_P1_2B,DEPLOY_DATE_PENDING_OR_UNKNOWN,DISAPPEARED_FROM_REPORT,LOW_INVENTORY_GAP,URL_INSPECTION_RECHECK
DISAPPEARED_FROM_REPORT,/market/real-estate/apt/11440||창전동|창전래미안,ko,real_estate,real-estate,,0,0,0,6,0,-6,-1,0.014851,0,,,8.33,,,/market/real-estate/,INVENTORY_SCOPE_GAP,NOT_FOUND_IN_LOCAL_SITEMAP,,,,NOT_MODIFIED_BY_P1_2B,DEPLOY_DATE_PENDING_OR_UNKNOWN,DISAPPEARED_FROM_REPORT,LOW_INVENTORY_GAP,URL_INSPECTION_RECHECK
DISAPPEARED_FROM_REPORT,/en/market/real-estate/apt/11710||가락동|대림,en,real_estate,real-estate,,0,0,0,6,0,-6,-1,0.014851,0,,,10.17,,,other,INVENTORY_SCOPE_GAP,NOT_FOUND_IN_LOCAL_SITEMAP,,,,NOT_MODIFIED_BY_P1_2B,DEPLOY_DATE_PENDING_OR_UNKNOWN,DISAPPEARED_FROM_REPORT,LOW_INVENTORY_GAP,URL_INSPECTION_RECHECK
DISAPPEARED_FROM_REPORT,/market/real-estate/apt/11650||반포동|래미안원베일리,ko,real_estate,real-estate,,0,0,0,6,0,-6,-1,0.014851,0,,,17.83,,,/market/real-estate/,INVENTORY_SCOPE_GAP,NOT_FOUND_IN_LOCAL_SITEMAP,,,,NOT_MODIFIED_BY_P1_2B,DEPLOY_DATE_PENDING_OR_UNKNOWN,DISAPPEARED_FROM_REPORT,LOW_INVENTORY_GAP,URL_INSPECTION_RECHECK
LOW_SAMPLE,/posts/personalFinance/what-is-cagr,ko,post,personalFinance,SUPPORTING_ARTICLE,0,0,0,8,3,-5,-0.625,0.012376,0,0,0,8.38,16,7.62,/posts/,LOCAL_INVENTORY_MATCH,IN_SITEMAP,CAGR 계산법: 단순 수익률과 다른 이유와 투자 예시,CAGR 계산법: 단순 수익률과 다른 이유와 투자 예시,,NOT_MODIFIED_BY_P1_2B,DEPLOY_DATE_PENDING_OR_UNKNOWN,LOW_SAMPLE,MEDIUM_STATIC_INVENTORY_JOIN,NO_CHANGE_OBSERVE
LOW_SAMPLE,/posts/investingInfo/tnx-basics,ko,post,investingInfo,SUPPORTING_ARTICLE,0,0,0,7,2,-5,-0.714286,0.012376,0,0,0,4.43,21,16.57,/posts/,LOCAL_INVENTORY_MATCH,IN_SITEMAP,TNX(미국 10년물 국채금리) 완전 이해: 주식·환율·채권을 움직이는 ‘기준 금리’,TNX(미국 10년물 국채금리) 완전 이해: 주식·환율·채권을 움직이는 ‘기준 금리’,,NOT_MODIFIED_BY_P1_2B,DEPLOY_DATE_PENDING_OR_UNKNOWN,LOW_SAMPLE,MEDIUM_STATIC_INVENTORY_JOIN,NO_CHANGE_OBSERVE
DISAPPEARED_FROM_REPORT,/market/real-estate/apt/11500||방화동|마곡센트레빌,ko,real_estate,real-estate,,0,0,0,5,0,-5,-1,0.012376,0,,,11.8,,,/market/real-estate/,INVENTORY_SCOPE_GAP,NOT_FOUND_IN_LOCAL_SITEMAP,,,,NOT_MODIFIED_BY_P1_2B,DEPLOY_DATE_PENDING_OR_UNKNOWN,DISAPPEARED_FROM_REPORT,LOW_INVENTORY_GAP,URL_INSPECTION_RECHECK
DISAPPEARED_FROM_REPORT,/market/real-estate/apt/11650||방배동|방배신삼호,ko,real_estate,real-estate,,0,0,0,5,0,-5,-1,0.012376,0,,,13.8,,,/market/real-estate/,INVENTORY_SCOPE_GAP,NOT_FOUND_IN_LOCAL_SITEMAP,,,,NOT_MODIFIED_BY_P1_2B,DEPLOY_DATE_PENDING_OR_UNKNOWN,DISAPPEARED_FROM_REPORT,LOW_INVENTORY_GAP,URL_INSPECTION_RECHECK
DISAPPEARED_FROM_REPORT,/market/real-estate/apt/11170||이촌동|이촌코오롱(A),ko,real_estate,real-estate,,0,0,0,5,0,-5,-1,0.012376,0,,,14.8,,,/market/real-estate/,INVENTORY_SCOPE_GAP,NOT_FOUND_IN_LOCAL_SITEMAP,,,,NOT_MODIFIED_BY_P1_2B,DEPLOY_DATE_PENDING_OR_UNKNOWN,DISAPPEARED_FROM_REPORT,LOW_INVENTORY_GAP,URL_INSPECTION_RECHECK
DISAPPEARED_FROM_REPORT,/market/real-estate/apt/11500||가양동|강서한강자이,ko,real_estate,real-estate,,0,0,0,5,0,-5,-1,0.012376,0,,,15.8,,,/market/real-estate/,INVENTORY_SCOPE_GAP,NOT_FOUND_IN_LOCAL_SITEMAP,,,,NOT_MODIFIED_BY_P1_2B,DEPLOY_DATE_PENDING_OR_UNKNOWN,DISAPPEARED_FROM_REPORT,LOW_INVENTORY_GAP,URL_INSPECTION_RECHECK
DISAPPEARED_FROM_REPORT,/market/real-estate/apt/11710||문정동|문정가락현대1차,ko,real_estate,real-estate,,0,0,0,5,0,-5,-1,0.012376,0,,,18.8,,,/market/real-estate/,INVENTORY_SCOPE_GAP,NOT_FOUND_IN_LOCAL_SITEMAP,,,,NOT_MODIFIED_BY_P1_2B,DEPLOY_DATE_PENDING_OR_UNKNOWN,DISAPPEARED_FROM_REPORT,LOW_INVENTORY_GAP,URL_INSPECTION_RECHECK
LOW_SAMPLE,/en/tools,en,tools_hub,tools,EN_MAINTENANCE_ONLY,0,0,0,7,3,-4,-0.571429,0.009901,0,0,0,6,8.33,2.33,other,LOCAL_INVENTORY_MATCH,IN_SITEMAP,Finance Tools,Finance tools,,NOT_MODIFIED_BY_P1_2B,DEPLOY_DATE_PENDING_OR_UNKNOWN,LOW_SAMPLE,MEDIUM_STATIC_INVENTORY_JOIN,NO_CHANGE_OBSERVE
LOW_SAMPLE,/posts/personalFinance/monthly-investment-for-100m-table,ko,post,personalFinance,SUPPORTING_ARTICLE,0,0,0,6,2,-4,-0.666667,0.009901,0,0,0,7.33,29,21.67,/posts/,LOCAL_INVENTORY_MATCH,IN_SITEMAP,1억 만들기 월 투자금 표 | 5년 10년 15년 20년 수익률별 계산,1억 만들기 월 투자금 표 | 5년 10년 15년 20년 수익률별 계산,,NOT_MODIFIED_BY_P1_2B,DEPLOY_DATE_PENDING_OR_UNKNOWN,LOW_SAMPLE,MEDIUM_STATIC_INVENTORY_JOIN,NO_CHANGE_OBSERVE
LOW_SAMPLE,/market/real-estate/apt/11500||방화동|개화산경남아너스빌,ko,real_estate,real-estate,,0,0,0,5,1,-4,-0.8,0.009901,0,0,0,16.8,46,29.2,/market/real-estate/,INVENTORY_SCOPE_GAP,NOT_FOUND_IN_LOCAL_SITEMAP,,,,NOT_MODIFIED_BY_P1_2B,DEPLOY_DATE_PENDING_OR_UNKNOWN,LOW_SAMPLE,LOW_INVENTORY_GAP,NO_CHANGE_OBSERVE
LOW_SAMPLE,/market/real-estate/apt/11200||송정동|서울숲아이파크,ko,real_estate,real-estate,,0,0,0,5,1,-4,-0.8,0.009901,0,0,0,17.8,50,32.2,/market/real-estate/,INVENTORY_SCOPE_GAP,NOT_FOUND_IN_LOCAL_SITEMAP,,,,NOT_MODIFIED_BY_P1_2B,DEPLOY_DATE_PENDING_OR_UNKNOWN,LOW_SAMPLE,LOW_INVENTORY_GAP,NO_CHANGE_OBSERVE
DISAPPEARED_FROM_REPORT,/en/posts/investingInfo/etf-impact-of-tnx,en,post,investingInfo,EN_MAINTENANCE_ONLY,0,0,0,4,0,-4,-1,0.009901,0,,,14,,,/en/posts/,LOCAL_INVENTORY_MATCH,IN_SITEMAP,"How TNX Affects ETFs: Growth, Value, Emerging Markets, and Korea","How TNX Affects ETFs: Growth, Value, Emerging Markets, and Korea",,NOT_MODIFIED_BY_P1_2B,DEPLOY_DATE_PENDING_OR_UNKNOWN,DISAPPEARED_FROM_REPORT,MEDIUM_STATIC_INVENTORY_JOIN,URL_INSPECTION_RECHECK
LOW_SAMPLE,/market/indices,ko,market,realEstate,DATA_PAGE,0,0,0,5,2,-3,-0.6,0.007426,0,0,0,7.8,11,3.2,/market/,LOCAL_INVENTORY_MATCH,IN_SITEMAP,시장 데이터를 불러오는 중입니다.,시장 데이터를 불러오는 중입니다.,,NOT_MODIFIED_BY_P1_2B,DEPLOY_DATE_PENDING_OR_UNKNOWN,LOW_SAMPLE,MEDIUM_STATIC_INVENTORY_JOIN,NO_CHANGE_OBSERVE
LOW_SAMPLE,/tools/dsr-ltv-calculator,ko,calculator,tools,PRIMARY_TOOL,0,0,0,5,2,-3,-0.6,0.007426,0,0,0,13,19,6,/tools/,LOCAL_INVENTORY_MATCH,IN_SITEMAP,LTV DSR 계산기 - 주택담보대출 한도와 아파트 구매 가능액 계산,LTV DSR 계산기: 주담대 한도와 아파트 구매 가능액 계산,,NOT_MODIFIED_BY_P1_2B,DEPLOY_DATE_PENDING_OR_UNKNOWN,LOW_SAMPLE,MEDIUM_STATIC_INVENTORY_JOIN,NO_CHANGE_OBSERVE
DISAPPEARED_FROM_REPORT,/en/tools/dsr-ltv-calculator,en,calculator,tools,EN_MAINTENANCE_ONLY,0,0,0,3,0,-3,-1,0.007426,0,,,1.67,,,/en/tools/,LOCAL_INVENTORY_MATCH,IN_SITEMAP,"Korean Mortgage Affordability Calculator: DSR, LTV & Apartment Budget",Korean Mortgage Affordability Calculator (DSR/LTV),,NOT_MODIFIED_BY_P1_2B,DEPLOY_DATE_PENDING_OR_UNKNOWN,DISAPPEARED_FROM_REPORT,MEDIUM_STATIC_INVENTORY_JOIN,URL_INSPECTION_RECHECK
DISAPPEARED_FROM_REPORT,/en/posts/investingInfo/cagr-7percent-reality-check,en,post,investingInfo,EN_MAINTENANCE_ONLY,0,0,0,3,0,-3,-1,0.007426,0,,,3.67,,,/en/posts/,LOCAL_INVENTORY_MATCH,IN_SITEMAP,"7% Annual Return Reality Check: CAGR, Volatility, and Goal Planning","7% Annual Return Reality Check: CAGR, Volatility, and Goal Planning",,NOT_MODIFIED_BY_P1_2B,DEPLOY_DATE_PENDING_OR_UNKNOWN,DISAPPEARED_FROM_REPORT,MEDIUM_STATIC_INVENTORY_JOIN,URL_INSPECTION_RECHECK
DISAPPEARED_FROM_REPORT,/en/market/real-estate/apt/11170||산천동|리버힐삼성,en,real_estate,real-estate,,0,0,0,2,0,-2,-1,0.00495,0,,,4,,,other,INVENTORY_SCOPE_GAP,NOT_FOUND_IN_LOCAL_SITEMAP,,,,NOT_MODIFIED_BY_P1_2B,DEPLOY_DATE_PENDING_OR_UNKNOWN,DISAPPEARED_FROM_REPORT,LOW_INVENTORY_GAP,URL_INSPECTION_RECHECK
DISAPPEARED_FROM_REPORT,/en/posts/personalFinance/interest-rate-1p-loan-limit-impact,en,post,personalFinance,EN_MAINTENANCE_ONLY,0,0,0,2,0,-2,-1,0.00495,0,,,4,,,/en/posts/,LOCAL_INVENTORY_MATCH,IN_SITEMAP,1pp Rate Increase and Korean Mortgage Capacity | DSR LTV Calculator,1pp Rate Increase and Korean Mortgage Capacity | DSR LTV Calculator,,NOT_MODIFIED_BY_P1_2B,DEPLOY_DATE_PENDING_OR_UNKNOWN,DISAPPEARED_FROM_REPORT,MEDIUM_STATIC_INVENTORY_JOIN,URL_INSPECTION_RECHECK
DISAPPEARED_FROM_REPORT,/en/market/real-estate/apt/11710||거여동|쌍용스윗닷홈2차,en,real_estate,real-estate,,0,0,0,2,0,-2,-1,0.00495,0,,,5,,,other,INVENTORY_SCOPE_GAP,NOT_FOUND_IN_LOCAL_SITEMAP,,,,NOT_MODIFIED_BY_P1_2B,DEPLOY_DATE_PENDING_OR_UNKNOWN,DISAPPEARED_FROM_REPORT,LOW_INVENTORY_GAP,URL_INSPECTION_RECHECK
DISAPPEARED_FROM_REPORT,/posts/investingInfo/why-check-cagr-etf,ko,post,investingInfo,SUPPORTING_ARTICLE,0,0,0,2,0,-2,-1,0.00495,0,,,5.5,,,/posts/,LOCAL_INVENTORY_MATCH,IN_SITEMAP,ETF CAGR 확인법: 총수익률보다 연평균 복리수익률이 중요한 이유,ETF CAGR 확인법: 총수익률보다 연평균 복리수익률이 중요한 이유,,NOT_MODIFIED_BY_P1_2B,DEPLOY_DATE_PENDING_OR_UNKNOWN,DISAPPEARED_FROM_REPORT,MEDIUM_STATIC_INVENTORY_JOIN,URL_INSPECTION_RECHECK
DISAPPEARED_FROM_REPORT,/en/market/real-estate/gangnam-top100,en,real_estate,realEstate,EN_MAINTENANCE_ONLY,0,0,0,2,0,-2,-1,0.00495,0,,,7,,,other,LOCAL_INVENTORY_MATCH,IN_SITEMAP,Gangnam Apartment Prices Top 100 | Official Transactions,Gangnam Apartment Prices Top 100,,NOT_MODIFIED_BY_P1_2B,DEPLOY_DATE_PENDING_OR_UNKNOWN,DISAPPEARED_FROM_REPORT,MEDIUM_STATIC_INVENTORY_JOIN,URL_INSPECTION_RECHECK
LOW_SAMPLE,/en/posts/investingInfo/modern-6040-risk-budget,en,post,investingInfo,EN_MAINTENANCE_ONLY,0,0,0,3,2,-1,-0.333333,0.002475,0,0,0,4.67,28,23.33,/en/posts/,LOCAL_INVENTORY_MATCH,IN_SITEMAP,"The Modern 60/40: Build a Risk Budget with Stocks, Bonds, Cash, and Gold (or Commodities)","The Modern 60/40: Build a Risk Budget with Stocks, Bonds, Cash, and Gold (or Commodities)",,NOT_MODIFIED_BY_P1_2B,DEPLOY_DATE_PENDING_OR_UNKNOWN,LOW_SAMPLE,MEDIUM_STATIC_INVENTORY_JOIN,NO_CHANGE_OBSERVE
DISAPPEARED_FROM_REPORT,/en/market/real-estate/apt/11500||등촌동|태영,en,real_estate,real-estate,,0,0,0,1,0,-1,-1,0.002475,0,,,1,,,other,INVENTORY_SCOPE_GAP,NOT_FOUND_IN_LOCAL_SITEMAP,,,,NOT_MODIFIED_BY_P1_2B,DEPLOY_DATE_PENDING_OR_UNKNOWN,DISAPPEARED_FROM_REPORT,LOW_INVENTORY_GAP,URL_INSPECTION_RECHECK
DISAPPEARED_FROM_REPORT,/en/posts/personalFinance/dsr-40-income-loan-limit-table,en,post,personalFinance,EN_MAINTENANCE_ONLY,0,0,0,1,0,-1,-1,0.002475,0,,,2,,,/en/posts/,LOCAL_INVENTORY_MATCH,IN_SITEMAP,Korea DSR 40% Rule Explained | Mortgage Borrowing Limit by Income,Korea DSR 40% Rule Explained | Mortgage Borrowing Limit by Income,,NOT_MODIFIED_BY_P1_2B,DEPLOY_DATE_PENDING_OR_UNKNOWN,DISAPPEARED_FROM_REPORT,MEDIUM_STATIC_INVENTORY_JOIN,URL_INSPECTION_RECHECK
DISAPPEARED_FROM_REPORT,/posts/investingInfo/indicator-marketinfo,ko,post,investingInfo,SUPPORTING_ARTICLE,0,0,0,1,0,-1,-1,0.002475,0,,,3,,,/posts/,LOCAL_INVENTORY_MATCH,IN_SITEMAP,코스피에 가장 큰 영향을 끼치는 글로벌 시장 환경 총정리,코스피에 가장 큰 영향을 끼치는 글로벌 시장 환경 총정리,,NOT_MODIFIED_BY_P1_2B,DEPLOY_DATE_PENDING_OR_UNKNOWN,DISAPPEARED_FROM_REPORT,MEDIUM_STATIC_INVENTORY_JOIN,URL_INSPECTION_RECHECK
DISAPPEARED_FROM_REPORT,/posts/personalFinance/dsr-pass-ltv-cash-bottleneck,ko,post,personalFinance,SUPPORTING_ARTICLE,0,0,0,1,0,-1,-1,0.002475,0,,,3,,,/posts/,LOCAL_INVENTORY_MATCH,IN_SITEMAP,DSR 통과 후 LTV 현금 부대비용 병목 이해하기 | 아파트 구매 가능 금액,DSR 통과 후 LTV 현금 부대비용 병목 이해하기 | 아파트 구매 가능 금액,,NOT_MODIFIED_BY_P1_2B,DEPLOY_DATE_PENDING_OR_UNKNOWN,DISAPPEARED_FROM_REPORT,MEDIUM_STATIC_INVENTORY_JOIN,URL_INSPECTION_RECHECK
DISAPPEARED_FROM_REPORT,/category/personalFinance,ko,other,,,0,0,0,1,0,-1,-1,0.002475,0,,,4,,,other,INVENTORY_SCOPE_GAP,IN_SITEMAP,,,,NOT_MODIFIED_BY_P1_2B,DEPLOY_DATE_PENDING_OR_UNKNOWN,DISAPPEARED_FROM_REPORT,LOW_INVENTORY_GAP,URL_INSPECTION_RECHECK
DISAPPEARED_FROM_REPORT,/en/posts/personalFinance/monthly-investment-for-100m-table,en,post,personalFinance,EN_MAINTENANCE_ONLY,0,0,0,1,0,-1,-1,0.002475,0,,,4,,,/en/posts/,LOCAL_INVENTORY_MATCH,IN_SITEMAP,"Monthly Contribution Table | $100,000 and KRW 100M Goal Examples","Monthly Contribution Table | $100,000 and KRW 100M Goal Examples",,NOT_MODIFIED_BY_P1_2B,DEPLOY_DATE_PENDING_OR_UNKNOWN,DISAPPEARED_FROM_REPORT,MEDIUM_STATIC_INVENTORY_JOIN,URL_INSPECTION_RECHECK
DISAPPEARED_FROM_REPORT,/posts/personalFinance/personal-finance-3pillars,ko,post,personalFinance,LOW_PRIORITY,0,0,0,1,0,-1,-1,0.002475,0,,,4,,,/posts/,LOCAL_INVENTORY_MATCH,IN_SITEMAP,가계 재무 3대장: 예산·비상금·장기투자를 먼저 세팅하라,가계 재무 3대장: 예산·비상금·장기투자를 먼저 세팅하라,,NOT_MODIFIED_BY_P1_2B,DEPLOY_DATE_PENDING_OR_UNKNOWN,DISAPPEARED_FROM_REPORT,MEDIUM_STATIC_INVENTORY_JOIN,URL_INSPECTION_RECHECK
DISAPPEARED_FROM_REPORT,/posts/investingInfo/cagr-7percent-reality-check,ko,post,investingInfo,SUPPORTING_ARTICLE,0,0,0,1,0,-1,-1,0.002475,0,,,5,,,/posts/,LOCAL_INVENTORY_MATCH,IN_SITEMAP,연 7% 복리 현실 체크: CAGR로 목표 자산 계산하는 법,연 7% 복리 현실 체크: CAGR로 목표 자산 계산하는 법,,NOT_MODIFIED_BY_P1_2B,DEPLOY_DATE_PENDING_OR_UNKNOWN,DISAPPEARED_FROM_REPORT,MEDIUM_STATIC_INVENTORY_JOIN,URL_INSPECTION_RECHECK
DISAPPEARED_FROM_REPORT,/posts/personalFinance/interest-rate-1p-loan-limit-impact,ko,post,personalFinance,SUPPORTING_ARTICLE,0,0,0,1,0,-1,-1,0.002475,0,,,5,,,/posts/,LOCAL_INVENTORY_MATCH,IN_SITEMAP,금리 1%p 상승 시 주담대 한도 변화 | DSR/LTV 계산기,금리 1%p 상승 시 주담대 한도 변화 | DSR/LTV 계산기,,NOT_MODIFIED_BY_P1_2B,DEPLOY_DATE_PENDING_OR_UNKNOWN,DISAPPEARED_FROM_REPORT,MEDIUM_STATIC_INVENTORY_JOIN,URL_INSPECTION_RECHECK
DISAPPEARED_FROM_REPORT,/en/posts/personalFinance/compound-return-3-5-7-10-table,en,post,personalFinance,EN_MAINTENANCE_ONLY,0,0,0,1,0,-1,-1,0.002475,0,,,6,,,/en/posts/,LOCAL_INVENTORY_MATCH,IN_SITEMAP,"Compound Interest Table: 3%, 5%, 7%, 10% Over 10, 20, and 30 Years","Compound Interest Table: 3%, 5%, 7%, 10% Over 10, 20, and 30 Years",,NOT_MODIFIED_BY_P1_2B,DEPLOY_DATE_PENDING_OR_UNKNOWN,DISAPPEARED_FROM_REPORT,MEDIUM_STATIC_INVENTORY_JOIN,URL_INSPECTION_RECHECK
DISAPPEARED_FROM_REPORT,/en/posts/personalFinance/dca-vs-lump-sum-when-results-differ,en,post,personalFinance,EN_MAINTENANCE_ONLY,0,0,0,1,0,-1,-1,0.002475,0,,,9,,,/en/posts/,LOCAL_INVENTORY_MATCH,IN_SITEMAP,DCA vs Lump Sum: When Do the Results Differ?,DCA vs Lump Sum: When Do the Results Differ?,,NOT_MODIFIED_BY_P1_2B,DEPLOY_DATE_PENDING_OR_UNKNOWN,DISAPPEARED_FROM_REPORT,MEDIUM_STATIC_INVENTORY_JOIN,URL_INSPECTION_RECHECK
LOW_SAMPLE,/,ko,home,home,,1,0,-1,10,10,0,0,0,0.1,0,-0.1,1.4,1.6,0.2,/,INVENTORY_SCOPE_GAP,IN_SITEMAP,,,,NOT_MODIFIED_BY_P1_2B,DEPLOY_DATE_PENDING_OR_UNKNOWN,LOW_SAMPLE,LOW_INVENTORY_GAP,NO_CHANGE_OBSERVE
LOW_SAMPLE,/privacy,ko,other,,,0,0,0,9,10,1,0.111111,0,0,0,0,3,4.5,1.5,other,INVENTORY_SCOPE_GAP,IN_SITEMAP,,,,NOT_MODIFIED_BY_P1_2B,DEPLOY_DATE_PENDING_OR_UNKNOWN,LOW_SAMPLE,LOW_INVENTORY_GAP,NO_CHANGE_OBSERVE
LOW_SAMPLE,/tools,ko,tools_hub,tools,PRIMARY_HUB,0,0,0,8,10,2,0.25,0,0,0,0,2,2.8,0.8,other,LOCAL_INVENTORY_MATCH,IN_SITEMAP,금융 계산기 모음,금융 계산기·도구,,NOT_MODIFIED_BY_P1_2B,DEPLOY_DATE_PENDING_OR_UNKNOWN,LOW_SAMPLE,MEDIUM_STATIC_INVENTORY_JOIN,NO_CHANGE_OBSERVE
LOW_SAMPLE,/category/economicInfo,ko,other,,,0,0,0,8,9,1,0.125,0,0,0,0,6.88,3.56,-3.32,other,INVENTORY_SCOPE_GAP,IN_SITEMAP,,,,NOT_MODIFIED_BY_P1_2B,DEPLOY_DATE_PENDING_OR_UNKNOWN,LOW_SAMPLE,LOW_INVENTORY_GAP,NO_CHANGE_OBSERVE
LOW_SAMPLE,/terms,ko,other,,,0,0,0,7,10,3,0.428571,0,0,0,0,4.43,5.6,1.17,other,INVENTORY_SCOPE_GAP,IN_SITEMAP,,,,NOT_MODIFIED_BY_P1_2B,DEPLOY_DATE_PENDING_OR_UNKNOWN,LOW_SAMPLE,LOW_INVENTORY_GAP,NO_CHANGE_OBSERVE
LOW_SAMPLE,/posts/economicInfo/inflation-basics,ko,post,economicInfo,SUPPORTING_ARTICLE,0,0,0,7,9,2,0.285714,0,0,0,0,10.86,11.44,0.58,/posts/,LOCAL_INVENTORY_MATCH,IN_SITEMAP,물가와 금리 기본 구조: 장기 투자자가 봐야 할 인플레이션 흐름,물가와 금리 기본 구조: 장기 투자자가 봐야 할 인플레이션 흐름,,NOT_MODIFIED_BY_P1_2B,DEPLOY_DATE_PENDING_OR_UNKNOWN,LOW_SAMPLE,MEDIUM_STATIC_INVENTORY_JOIN,NO_CHANGE_OBSERVE
LOW_SAMPLE,/disclaimer,ko,other,,,0,0,0,6,10,4,0.666667,0,0,0,0,5.83,7.3,1.47,other,INVENTORY_SCOPE_GAP,IN_SITEMAP,,,,NOT_MODIFIED_BY_P1_2B,DEPLOY_DATE_PENDING_OR_UNKNOWN,LOW_SAMPLE,LOW_INVENTORY_GAP,NO_CHANGE_OBSERVE
LOW_SAMPLE,/market,ko,market,realEstate,PRIMARY_HUB,0,0,0,5,9,4,0.8,0,0,0,0,3.4,3.78,0.38,other,LOCAL_INVENTORY_MATCH,IN_SITEMAP,시장정보 | 아파트 실거래가·투자지표 대시보드,시장정보 대시보드,,NOT_MODIFIED_BY_P1_2B,DEPLOY_DATE_PENDING_OR_UNKNOWN,LOW_SAMPLE,MEDIUM_STATIC_INVENTORY_JOIN,NO_CHANGE_OBSERVE
LOW_SAMPLE,/contact,ko,other,,,0,0,0,5,9,4,0.8,0,0,0,0,5.8,6.78,0.98,other,INVENTORY_SCOPE_GAP,IN_SITEMAP,,,,NOT_MODIFIED_BY_P1_2B,DEPLOY_DATE_PENDING_OR_UNKNOWN,LOW_SAMPLE,LOW_INVENTORY_GAP,NO_CHANGE_OBSERVE
LOW_SAMPLE,/posts/investingInfo/usd-krw-exchange-rate-and-kospi,ko,post,investingInfo,LOW_PRIORITY,0,0,0,4,11,7,1.75,0,0,0,0,9.75,19.64,9.89,/posts/,LOCAL_INVENTORY_MATCH,IN_SITEMAP,원달러 환율과 코스피 관계: 외국인 수급·수출주·물가 체크법,원달러 환율과 코스피 관계: 외국인 수급·수출주·물가 체크법,,NOT_MODIFIED_BY_P1_2B,DEPLOY_DATE_PENDING_OR_UNKNOWN,LOW_SAMPLE,MEDIUM_STATIC_INVENTORY_JOIN,NO_CHANGE_OBSERVE
LOW_SAMPLE,/posts/personalFinance/dsr-40-income-loan-limit-table,ko,post,personalFinance,SUPPORTING_ARTICLE,0,0,0,3,3,0,0,0,0,0,0,9.33,33,23.67,/posts/,LOCAL_INVENTORY_MATCH,IN_SITEMAP,DSR 40% 연봉별 대출 한도표 | 연봉별 주담대 한도·대출 가능액,DSR 40% 연봉별 대출 한도표 | 연봉별 주담대 한도·대출 가능액,,NOT_MODIFIED_BY_P1_2B,DEPLOY_DATE_PENDING_OR_UNKNOWN,LOW_SAMPLE,MEDIUM_STATIC_INVENTORY_JOIN,NO_CHANGE_OBSERVE
LOW_SAMPLE,/en/posts/economicInfo/real-rates-and-breakevens,en,post,economicInfo,EN_MAINTENANCE_ONLY,0,0,0,2,2,0,0,0,0,0,0,2,27,25,/en/posts/,LOCAL_INVENTORY_MATCH,IN_SITEMAP,Real Rates & Breakeven Inflation: The Asset-Pricing Thermometer Most Investors Ignore,Real Rates & Breakeven Inflation: The Asset-Pricing Thermometer Most Investors Ignore,,NOT_MODIFIED_BY_P1_2B,DEPLOY_DATE_PENDING_OR_UNKNOWN,LOW_SAMPLE,MEDIUM_STATIC_INVENTORY_JOIN,NO_CHANGE_OBSERVE
LOW_SAMPLE,/posts/economicInfo/tariffs-growth-margins-fx-package-shock,ko,post,economicInfo,LOW_PRIORITY,0,0,0,1,3,2,2,0,0,0,0,12,34,22,/posts/,LOCAL_INVENTORY_MATCH,IN_SITEMAP,관세는 ‘물가’만의 문제가 아니다: 성장·마진·환율을 동시에 흔드는 패키지 충격,관세는 ‘물가’만의 문제가 아니다: 성장·마진·환율을 동시에 흔드는 패키지 충격,,NOT_MODIFIED_BY_P1_2B,DEPLOY_DATE_PENDING_OR_UNKNOWN,LOW_SAMPLE,MEDIUM_STATIC_INVENTORY_JOIN,NO_CHANGE_OBSERVE
NEWLY_APPEARED,/en/tools/mortgage-loan-calculator,en,calculator,tools,EN_MAINTENANCE_ONLY,0,0,0,0,11,11,,0,,0,,,22.82,,/en/tools/,LOCAL_INVENTORY_MATCH,IN_SITEMAP,Mortgage Payment Calculator - Monthly Korean Apartment Loan Payment,Mortgage Payment Calculator,,NOT_MODIFIED_BY_P1_2B,DEPLOY_DATE_PENDING_OR_UNKNOWN,NEWLY_APPEARED,MEDIUM_STATIC_INVENTORY_JOIN,NO_CHANGE_OBSERVE
NEWLY_APPEARED,/tools/mortgage-loan-calculator,ko,calculator,tools,PRIMARY_TOOL,0,0,0,0,10,10,,0,,0,,,13.2,,/tools/,LOCAL_INVENTORY_MATCH,IN_SITEMAP,주담대 원리금 계산기 - 아파트 담보대출 월상환액 계산,주담대 원리금 계산기: 아파트 담보대출 월상환액 계산,,NOT_MODIFIED_BY_P1_2B,DEPLOY_DATE_PENDING_OR_UNKNOWN,NEWLY_APPEARED,MEDIUM_STATIC_INVENTORY_JOIN,NO_CHANGE_OBSERVE
NEWLY_APPEARED,/en/posts/personalFinance/inflation-household-survival-strategy,en,post,personalFinance,EN_MAINTENANCE_ONLY,0,0,0,0,3,3,,0,,0,,,23,,/en/posts/,LOCAL_INVENTORY_MATCH,IN_SITEMAP,"Household Survival in an Inflation Era: Cut Fixed Costs, Control Spending, and Protect Cash Flow","Household Survival in an Inflation Era: Cut Fixed Costs, Control Spending, and Protect Cash Flow",,NOT_MODIFIED_BY_P1_2B,DEPLOY_DATE_PENDING_OR_UNKNOWN,NEWLY_APPEARED,MEDIUM_STATIC_INVENTORY_JOIN,NO_CHANGE_OBSERVE
NEWLY_APPEARED,/market/real-estate/apt/11710||가락동|대림,ko,real_estate,real-estate,,0,0,0,0,3,3,,0,,0,,,36,,/market/real-estate/,INVENTORY_SCOPE_GAP,NOT_FOUND_IN_LOCAL_SITEMAP,,,,NOT_MODIFIED_BY_P1_2B,DEPLOY_DATE_PENDING_OR_UNKNOWN,NEWLY_APPEARED,LOW_INVENTORY_GAP,NO_CHANGE_OBSERVE
NEWLY_APPEARED,/market/real-estate/apt/11560||여의도동|삼부,ko,real_estate,real-estate,,0,0,0,0,3,3,,0,,0,,,37,,/market/real-estate/,INVENTORY_SCOPE_GAP,NOT_FOUND_IN_LOCAL_SITEMAP,,,,NOT_MODIFIED_BY_P1_2B,DEPLOY_DATE_PENDING_OR_UNKNOWN,NEWLY_APPEARED,LOW_INVENTORY_GAP,NO_CHANGE_OBSERVE
NEWLY_APPEARED,/market/real-estate/apt/11440||창전동|해모로,ko,real_estate,real-estate,,0,0,0,0,3,3,,0,,0,,,38,,/market/real-estate/,INVENTORY_SCOPE_GAP,NOT_FOUND_IN_LOCAL_SITEMAP,,,,NOT_MODIFIED_BY_P1_2B,DEPLOY_DATE_PENDING_OR_UNKNOWN,NEWLY_APPEARED,LOW_INVENTORY_GAP,NO_CHANGE_OBSERVE
NEWLY_APPEARED,/market/real-estate/apt/11170||한남동|리버탑,ko,real_estate,real-estate,,0,0,0,0,3,3,,0,,0,,,39,,/market/real-estate/,INVENTORY_SCOPE_GAP,NOT_FOUND_IN_LOCAL_SITEMAP,,,,NOT_MODIFIED_BY_P1_2B,DEPLOY_DATE_PENDING_OR_UNKNOWN,NEWLY_APPEARED,LOW_INVENTORY_GAP,NO_CHANGE_OBSERVE
NEWLY_APPEARED,/market/real-estate/apt/11710||송파동|호수임광,ko,real_estate,real-estate,,0,0,0,0,3,3,,0,,0,,,40,,/market/real-estate/,INVENTORY_SCOPE_GAP,NOT_FOUND_IN_LOCAL_SITEMAP,,,,NOT_MODIFIED_BY_P1_2B,DEPLOY_DATE_PENDING_OR_UNKNOWN,NEWLY_APPEARED,LOW_INVENTORY_GAP,NO_CHANGE_OBSERVE
NEWLY_APPEARED,/market/real-estate/apt/11200||상왕십리동|텐즈힐(2단지),ko,real_estate,real-estate,,0,0,0,0,2,2,,0,,0,,,29,,/market/real-estate/,INVENTORY_SCOPE_GAP,NOT_FOUND_IN_LOCAL_SITEMAP,,,,NOT_MODIFIED_BY_P1_2B,DEPLOY_DATE_PENDING_OR_UNKNOWN,NEWLY_APPEARED,LOW_INVENTORY_GAP,NO_CHANGE_OBSERVE
NEWLY_APPEARED,/en/contact,en,other,,,0,0,0,0,1,1,,0,,0,,,1,,other,INVENTORY_SCOPE_GAP,IN_SITEMAP,,,,NOT_MODIFIED_BY_P1_2B,DEPLOY_DATE_PENDING_OR_UNKNOWN,NEWLY_APPEARED,LOW_INVENTORY_GAP,NO_CHANGE_OBSERVE
NEWLY_APPEARED,/market/real-estate/apt/11440||서교동|메세나폴리스,ko,real_estate,real-estate,,0,0,0,0,1,1,,0,,0,,,41,,/market/real-estate/,INVENTORY_SCOPE_GAP,NOT_FOUND_IN_LOCAL_SITEMAP,,,,NOT_MODIFIED_BY_P1_2B,DEPLOY_DATE_PENDING_OR_UNKNOWN,NEWLY_APPEARED,LOW_INVENTORY_GAP,NO_CHANGE_OBSERVE
NEWLY_APPEARED,/market/real-estate/apt/11710||문정동|현대2,ko,real_estate,real-estate,,0,0,0,0,1,1,,0,,0,,,42,,/market/real-estate/,INVENTORY_SCOPE_GAP,NOT_FOUND_IN_LOCAL_SITEMAP,,,,NOT_MODIFIED_BY_P1_2B,DEPLOY_DATE_PENDING_OR_UNKNOWN,NEWLY_APPEARED,LOW_INVENTORY_GAP,NO_CHANGE_OBSERVE
NEWLY_APPEARED,/en/market/real-estate/apt/11710||풍납동|갑을,en,real_estate,real-estate,,0,0,0,0,1,1,,0,,0,,,43,,other,INVENTORY_SCOPE_GAP,NOT_FOUND_IN_LOCAL_SITEMAP,,,,NOT_MODIFIED_BY_P1_2B,DEPLOY_DATE_PENDING_OR_UNKNOWN,NEWLY_APPEARED,LOW_INVENTORY_GAP,NO_CHANGE_OBSERVE
NEWLY_APPEARED,/market/real-estate/apt/11650||잠원동|래미안신반포팰리스,ko,real_estate,real-estate,,0,0,0,0,1,1,,0,,0,,,44,,/market/real-estate/,INVENTORY_SCOPE_GAP,NOT_FOUND_IN_LOCAL_SITEMAP,,,,NOT_MODIFIED_BY_P1_2B,DEPLOY_DATE_PENDING_OR_UNKNOWN,NEWLY_APPEARED,LOW_INVENTORY_GAP,NO_CHANGE_OBSERVE
NEWLY_APPEARED,/market/real-estate/apt/11650||반포동|반포에스케이뷰,ko,real_estate,real-estate,,0,0,0,0,1,1,,0,,0,,,45,,/market/real-estate/,INVENTORY_SCOPE_GAP,NOT_FOUND_IN_LOCAL_SITEMAP,,,,NOT_MODIFIED_BY_P1_2B,DEPLOY_DATE_PENDING_OR_UNKNOWN,NEWLY_APPEARED,LOW_INVENTORY_GAP,NO_CHANGE_OBSERVE
NEWLY_APPEARED,/market/real-estate/apt/11440||창전동|창전동현대홈타운,ko,real_estate,real-estate,,0,0,0,0,1,1,,0,,0,,,47,,/market/real-estate/,INVENTORY_SCOPE_GAP,NOT_FOUND_IN_LOCAL_SITEMAP,,,,NOT_MODIFIED_BY_P1_2B,DEPLOY_DATE_PENDING_OR_UNKNOWN,NEWLY_APPEARED,LOW_INVENTORY_GAP,NO_CHANGE_OBSERVE
NEWLY_APPEARED,/market/real-estate/apt/11200||행당동|서울숲리버뷰자이,ko,real_estate,real-estate,,0,0,0,0,1,1,,0,,0,,,48,,/market/real-estate/,INVENTORY_SCOPE_GAP,NOT_FOUND_IN_LOCAL_SITEMAP,,,,NOT_MODIFIED_BY_P1_2B,DEPLOY_DATE_PENDING_OR_UNKNOWN,NEWLY_APPEARED,LOW_INVENTORY_GAP,NO_CHANGE_OBSERVE
NEWLY_APPEARED,/market/real-estate/apt/11440||공덕동|공덕2삼성래미안,ko,real_estate,real-estate,,0,0,0,0,1,1,,0,,0,,,49,,/market/real-estate/,INVENTORY_SCOPE_GAP,NOT_FOUND_IN_LOCAL_SITEMAP,,,,NOT_MODIFIED_BY_P1_2B,DEPLOY_DATE_PENDING_OR_UNKNOWN,NEWLY_APPEARED,LOW_INVENTORY_GAP,NO_CHANGE_OBSERVE
NEWLY_APPEARED,/market/real-estate/apt/11710||장지동|송파더센트레,ko,real_estate,real-estate,,0,0,0,0,1,1,,0,,0,,,51,,/market/real-estate/,INVENTORY_SCOPE_GAP,NOT_FOUND_IN_LOCAL_SITEMAP,,,,NOT_MODIFIED_BY_P1_2B,DEPLOY_DATE_PENDING_OR_UNKNOWN,NEWLY_APPEARED,LOW_INVENTORY_GAP,NO_CHANGE_OBSERVE
NEWLY_APPEARED,/market/real-estate/apt/11170||원효로1가|용산더프라임,ko,real_estate,real-estate,,0,0,0,0,1,1,,0,,0,,,53,,/market/real-estate/,INVENTORY_SCOPE_GAP,NOT_FOUND_IN_LOCAL_SITEMAP,,,,NOT_MODIFIED_BY_P1_2B,DEPLOY_DATE_PENDING_OR_UNKNOWN,NEWLY_APPEARED,LOW_INVENTORY_GAP,NO_CHANGE_OBSERVE
NEWLY_APPEARED,/market/real-estate/apt/11200||옥수동|래미안 옥수 리버젠,ko,real_estate,real-estate,,0,0,0,0,1,1,,0,,0,,,54,,/market/real-estate/,INVENTORY_SCOPE_GAP,NOT_FOUND_IN_LOCAL_SITEMAP,,,,NOT_MODIFIED_BY_P1_2B,DEPLOY_DATE_PENDING_OR_UNKNOWN,NEWLY_APPEARED,LOW_INVENTORY_GAP,NO_CHANGE_OBSERVE
NEWLY_APPEARED,/market/real-estate/apt/11170||한강로2가|래미안용산더센트럴,ko,real_estate,real-estate,,0,0,0,0,1,1,,0,,0,,,55,,/market/real-estate/,INVENTORY_SCOPE_GAP,NOT_FOUND_IN_LOCAL_SITEMAP,,,,NOT_MODIFIED_BY_P1_2B,DEPLOY_DATE_PENDING_OR_UNKNOWN,NEWLY_APPEARED,LOW_INVENTORY_GAP,NO_CHANGE_OBSERVE
NEWLY_APPEARED,/market/real-estate/apt/11200||성수동2가|성수우방2차아파트,ko,real_estate,real-estate,,0,0,0,0,1,1,,0,,0,,,56,,/market/real-estate/,INVENTORY_SCOPE_GAP,NOT_FOUND_IN_LOCAL_SITEMAP,,,,NOT_MODIFIED_BY_P1_2B,DEPLOY_DATE_PENDING_OR_UNKNOWN,NEWLY_APPEARED,LOW_INVENTORY_GAP,NO_CHANGE_OBSERVE
NEWLY_APPEARED,/market/real-estate/apt/11320||창동|창동주공3단지(해등마을),ko,real_estate,real-estate,,0,0,0,0,1,1,,0,,0,,,57,,/market/real-estate/,INVENTORY_SCOPE_GAP,NOT_FOUND_IN_LOCAL_SITEMAP,,,,NOT_MODIFIED_BY_P1_2B,DEPLOY_DATE_PENDING_OR_UNKNOWN,NEWLY_APPEARED,LOW_INVENTORY_GAP,NO_CHANGE_OBSERVE
