인기 검색어,클릭수,노출,CTR,게재 순위
cagr 계산기,0,19,0%,9.84
적립식 복리계산기,0,11,0%,17.09
적립식 복리 계산기,0,9,0%,24.44
적립식 계산기,0,7,0%,22.86
적립식 투자 계산기,0,6,0%,22.17
연평균 수익률 계산기,0,5,0%,3.2
적립식복리계산기,0,4,0%,7.5
복리계산,0,4,0%,27
cagr계산기,0,3,0%,9
etf 시뮬레이션,0,3,0%,9.33
연평균 증가율 계산기,0,2,0%,9
월복리계산기,0,2,0%,14.5
fire 계산기,0,2,0%,44.5
월복리 계산기,0,1,0%,5
연평균 계산기,0,1,0%,8
월적립 복리 계산기,0,1,0%,9
"""대림주택a동"" ""38.97"" ""2024-09-06""",0,1,0%,10
자산 계산기,0,1,0%,10
연평균 성장률 계산기,0,1,0%,11
복리 계산기 적립식,0,1,0%,13
cagr 뜻,0,1,0%,16
복리계산기 적립식,0,1,0%,16
etf 적립식 투자 계산기,0,1,0%,20
적립식투자 계산기,0,1,0%,22
원베일리 가격,0,1,0%,43