인기 페이지,클릭수,노출,CTR,게재 순위
https://www.finmaphub.com/tools/goal-simulator,1,16,6.25%,7
https://www.finmaphub.com/,1,10,10%,1.4
https://www.finmaphub.com/tools/compound-interest,0,139,0%,12.32
https://www.finmaphub.com/tools/cagr-calculator,0,47,0%,8.53
https://www.finmaphub.com/posts/personalFinance/how-much-per-month-for-100m,0,21,0%,7.48
https://www.finmaphub.com/tools/dca-calculator,0,18,0%,8.17
https://www.finmaphub.com/market/real-estate,0,12,0%,5.67
https://www.finmaphub.com/sitemap-pages,0,11,0%,5.73
https://www.finmaphub.com/en,0,9,0%,1.78
https://www.finmaphub.com/market/real-estate/seoul-top100,0,9,0%,2
https://www.finmaphub.com/privacy,0,9,0%,3
https://www.finmaphub.com/market/real-estate/seoul-apartment-top100,0,9,0%,4.22
https://www.finmaphub.com/posts/personalFinance/compound-return-3-5-7-10-table,0,9,0%,7.89
https://www.finmaphub.com/tools,0,8,0%,2
https://www.finmaphub.com/market/real-estate/incheon-apartment-top100,0,8,0%,4.25
https://www.finmaphub.com/market/real-estate/gyeonggi-apartment-top100,0,8,0%,5.12
https://www.finmaphub.com/category/economicInfo,0,8,0%,6.88
https://www.finmaphub.com/posts/personalFinance/what-is-cagr,0,8,0%,8.38
https://www.finmaphub.com/tools/fire-calculator,0,8,0%,20.25
https://www.finmaphub.com/posts/investingInfo/tnx-basics,0,7,0%,4.43
https://www.finmaphub.com/terms,0,7,0%,4.43
https://www.finmaphub.com/en/tools,0,7,0%,6
https://www.finmaphub.com/market/real-estate/apt/11440||신정동|서강GS,0,7,0%,9.57
https://www.finmaphub.com/market/real-estate/apt/11680||삼성동|아이파크,0,7,0%,10.57
https://www.finmaphub.com/posts/economicInfo/inflation-basics,0,7,0%,10.86
https://www.finmaphub.com/disclaimer,0,6,0%,5.83
https://www.finmaphub.com/market/real-estate/apt/11200||마장동|현대,0,6,0%,6.33
https://www.finmaphub.com/market/real-estate/apt/11500||마곡동|길훈,0,6,0%,7.33
https://www.finmaphub.com/posts/personalFinance/monthly-investment-for-100m-table,0,6,0%,7.33
https://www.finmaphub.com/market/real-estate/apt/11440||창전동|창전래미안,0,6,0%,8.33
https://www.finmaphub.com/en/market/real-estate/apt/11710||가락동|대림,0,6,0%,10.17
https://www.finmaphub.com/market/real-estate/apt/11650||반포동|래미안원베일리,0,6,0%,17.83
https://www.finmaphub.com/market,0,5,0%,3.4
https://www.finmaphub.com/contact,0,5,0%,5.8
https://www.finmaphub.com/market/indices,0,5,0%,7.8
https://www.finmaphub.com/market/real-estate/apt/11500||방화동|마곡센트레빌,0,5,0%,11.8
https://www.finmaphub.com/tools/dsr-ltv-calculator,0,5,0%,13
https://www.finmaphub.com/market/real-estate/apt/11650||방배동|방배신삼호,0,5,0%,13.8
https://www.finmaphub.com/market/real-estate/apt/11170||이촌동|이촌코오롱(A),0,5,0%,14.8
https://www.finmaphub.com/market/real-estate/apt/11500||가양동|강서한강자이,0,5,0%,15.8
https://www.finmaphub.com/market/real-estate/apt/11500||방화동|개화산경남아너스빌,0,5,0%,16.8
https://www.finmaphub.com/market/real-estate/apt/11200||송정동|서울숲아이파크,0,5,0%,17.8
https://www.finmaphub.com/market/real-estate/apt/11710||문정동|문정가락현대1차,0,5,0%,18.8
https://www.finmaphub.com/posts/investingInfo/usd-krw-exchange-rate-and-kospi,0,4,0%,9.75
https://www.finmaphub.com/en/posts/investingInfo/etf-impact-of-tnx,0,4,0%,14
https://www.finmaphub.com/en/tools/dsr-ltv-calculator,0,3,0%,1.67
https://www.finmaphub.com/en/posts/investingInfo/cagr-7percent-reality-check,0,3,0%,3.67
https://www.finmaphub.com/en/posts/investingInfo/modern-6040-risk-budget,0,3,0%,4.67
https://www.finmaphub.com/posts/personalFinance/dsr-40-income-loan-limit-table,0,3,0%,9.33
https://www.finmaphub.com/en/posts/economicInfo/real-rates-and-breakevens,0,2,0%,2
https://www.finmaphub.com/en/market/real-estate/apt/11170||산천동|리버힐삼성,0,2,0%,4
https://www.finmaphub.com/en/posts/personalFinance/interest-rate-1p-loan-limit-impact,0,2,0%,4
https://www.finmaphub.com/en/market/real-estate/apt/11710||거여동|쌍용스윗닷홈2차,0,2,0%,5
https://www.finmaphub.com/posts/investingInfo/why-check-cagr-etf,0,2,0%,5.5
https://www.finmaphub.com/en/market/real-estate/gangnam-top100,0,2,0%,7
https://www.finmaphub.com/en/market/real-estate/apt/11500||등촌동|태영,0,1,0%,1
https://www.finmaphub.com/en/posts/personalFinance/dsr-40-income-loan-limit-table,0,1,0%,2
https://www.finmaphub.com/posts/investingInfo/indicator-marketinfo,0,1,0%,3
https://www.finmaphub.com/posts/personalFinance/dsr-pass-ltv-cash-bottleneck,0,1,0%,3
https://www.finmaphub.com/category/personalFinance,0,1,0%,4
https://www.finmaphub.com/en/posts/personalFinance/monthly-investment-for-100m-table,0,1,0%,4
https://www.finmaphub.com/posts/personalFinance/personal-finance-3pillars,0,1,0%,4
https://www.finmaphub.com/posts/investingInfo/cagr-7percent-reality-check,0,1,0%,5
https://www.finmaphub.com/posts/personalFinance/interest-rate-1p-loan-limit-impact,0,1,0%,5
https://www.finmaphub.com/en/posts/personalFinance/compound-return-3-5-7-10-table,0,1,0%,6
https://www.finmaphub.com/en/posts/personalFinance/dca-vs-lump-sum-when-results-differ,0,1,0%,9
https://www.finmaphub.com/posts/economicInfo/tariffs-growth-margins-fx-package-shock,0,1,0%,12