Keyword,Impressions,Clicks,CTR,Avg. Position
what is dxy,57,0,0%,8.631573684
how much should i invest monthly for a regular investment plan?,30,0,0%,3.766683333
dxy index meaning,19,0,0%,8.105252632
compounding monthly vs annually,18,0,0%,14.33333333
dxy meaning,15,0,0%,8.466666667
what is the dxy,14,0,0%,8.142857143
what is tnx,13,0,0%,4.769230769
what is dxy index,12,0,0%,8.416666667
finmap,11,0,0%,6
annual compounding vs monthly,10,0,0%,13.50001
how much should i invest monthly for long-term regular investing?,9,0,0%,6
cagr이란,7,0,0%,7.857142857
잠실 집값,7,2,28.57%,3
대시아파트,6,0,0%,10
how much should i invest monthly for regular contributions?,6,0,0%,8.333316667
서울 집값 순위,6,1,16.67%,5.5
compounded monthly vs annually,6,0,0%,12.66666667
yongsan district seoul real transaction price per pyeong latest,6,0,0%,3.1667
what is dxy?,5,0,0%,8.8
relationship between kospi and usd exchange rate,4,0,0%,6
etf dca calculator,4,0,0%,6.75
dxy means,4,0,0%,8.5
what is the dxy index,4,0,0%,9
cboe 10 year treasury yield index tnx explain what it means when it falls,4,0,0%,3.25
how much should i invest each time for regular investing?,4,0,0%,7.75
how is the dxy calculated,4,0,0%,9.5
마곡 집값,4,0,0%,4
time to reach target with increasing contributions example,3,0,0%,1.6667
tnx etf,3,0,0%,3.666666667
meaning of dxy,3,0,0%,8.333333333
breakeven = nominal yield ? real (inflation-linked) yield,3,0,0%,9
마곡역 집값,3,0,0%,5
how much should you invest in index funds each month for regular contributions?,3,0,0%,4.3333
물가와 금리 관계,3,0,0%,7.333333333
dxy dollar index explained,3,0,0%,8
"6-month dca schedule for €10,000 etf investment",3,0,0%,3.3333
is compounding interest annually the same as compounding monthly,3,0,0%,6
2억 아파트 ltv,3,0,0%,4
what is dxy in stock market,3,0,0%,7.666666667
서울저가아파트실거래,3,0,0%,9.333333333
dxy explained,3,0,0%,9
7% annual return,3,1,33.33%,2.666666667
dxy meaning in finance,3,0,0%,7
https//www.finmaphub.com/tools/compound-interest,3,0,0%,2.6667
10 year treasury yield explained,3,0,0%,4
is policy rate the same as interest rate,3,0,0%,5
how does dxy work,3,0,0%,6
kospi with currency risk or without,3,0,0%,6
dollar cost averaging etf allocation monthly 2026,3,0,0%,6
retirement stress testing sequence of returns risk inflation shock withdrawal guardrails,3,0,0%,1
what does dxy tell us,3,0,0%,8.3333
tnx 10,2,0,0%,10
2s10s spread,2,0,0%,10
do you get more compound gains with a monthly contribution or one annual instead ?,2,0,0%,5
time required to reach the target amount with monthly fixed investments,2,0,0%,2.5
dca etf calculator,2,1,50%,7
stock price calculation errors in dca,2,0,0%,4.5
금리가 올라가면 물가,2,0,0%,7
breakeven inflation is similar to real int rate,2,0,0%,6
why don't ief aand tnx move together,2,0,0%,8
dxy stand for,2,0,0%,9
etf total return vs cagr,2,0,0%,1
"sharpe ratio using cagr"" definition investopedia""",2,0,0%,7
dxy what does it mean,2,0,0%,10
korea s&p 500,2,0,0%,6
what s tnx,2,0,0%,3.5
how does currency fluctuation affect kospi?,2,0,0%,6
what does the cboe 10 year treasury yield index represent,2,0,0%,6
what does dxy mean,2,0,0%,8.5
monthly compound interest vs annual interest,2,0,0%,9.5
dca calculator simulatoir,2,0,0%,3
dxy index explained,2,0,0%,7.5
강남 아파트 가격 순위,2,0,0%,6
compound monthly vs annually,2,0,0%,9
compound interest monthly vs annually,2,0,0%,9.5
저연차 공무원 자산관리의 출발점은 '생활비 / 비상금 / 투자·목표자금' 3계좌를 나눠서 급여일에 자동이체로 분배하는 것이다,2,0,0%,5
how dxy works,2,0,0%,8
what is the dxy index?,2,0,0%,9
when capital flees risk assets and dxy rises what actually is pushing up /dxy? buyers buyinh actual assets?,2,0,0%,6
calculator dca etf,2,0,0%,3
what is difference between compounding monthly and compounding annually,2,0,0%,5
금리가 아니라 물가의 방향이 바닥을 만들었다,2,0,0%,7.5
annual vs monthly compounding,2,0,0%,7
nominal inflation = real inflation + breakeven,2,0,0%,6.5
max drawdown vs cagr portfolio,2,0,0%,9.5
most expensive apartment in ganagnam,2,0,0%,6
how is the dxy index calculated,2,0,0%,10
what has driven the forces in changes in exchange rates between the usd and krw,2,0,0%,8.5
what is wrong with krw when kospi goes up,2,0,0%,4.5
how does the 10 year treasury yield effect the stock market?,2,0,0%,5
explain dxy,2,0,0%,8
real yields vs breakevens,2,0,0%,9
강남 아파트,2,0,0%,9
compounding interest monthly vs annually,2,0,0%,15
real yields vs breakevens explaiend,2,0,0%,9
how much should your monthly salary be for a regular investment plan?,2,0,0%,5
what is tnx flow in it,2,0,0%,2
what is tnx flow,2,0,0%,2.5
is cagr of 7 % good,2,0,0%,4.5
what is the differnce between compoudning intrestest annually vs monthly,2,0,0%,5
how much does a flat in gangam costs in dollar,2,0,0%,8.5
what's the meaning of the tnx yield increase,2,0,0%,4
three pillars of personal financial planning,2,0,0%,2
should i continue dollar-cost averaging or hold onto the investment after a 15% loss?,2,0,0%,7
월복리 와 연복리 차이,2,0,0%,8.5
gangnam apartment price,2,0,0%,7
how much should i invest per month calculator,2,0,0%,8
tnx index meaning,2,0,0%,3
how much should ordinary office workers invest monthly through regular contributions?,2,0,0%,3.5
아파트구매 현금,2,0,0%,5
연봉 8500만원의 dsr 40%는 얼마야?,2,0,0%,5
10 year yield explained,2,0,0%,4.5
what is dxy used for,2,0,0%,9
ratio of monthly compound to annual compound,2,0,0%,6
what does monthly vs annual compound mea,2,0,0%,4
korea housing affordability ratio mortgage rates household income 2025,2,0,0%,3
fire ccalculator deltahedge,2,0,0%,8
why did the usd to krw exchange rate fluctuata so much between jul 1 2021 to june 29 2026,2,0,0%,10
what is dollar strength index for beginners,2,0,0%,6
dxy is what,2,0,0%,10
why cagr better than simple average,2,0,0%,5
물가수준 금리가 금값에 미치는 영향을 알기 쉽게 설명,2,0,0%,8
whats the usual correlation between kospi and usdkrw,2,0,0%,9
how much should you invest monthly to reach a net worth of 1 million yuan in 18 years?,2,0,0%,3
us 10-year treasury yield tnx impact emerging market etf ewy kospi correlation capital flow timing,2,1,50%,5
"real yield, breakeven, lota and asw",2,0,0%,7
in the context of the 10 year treasury what is tnx,2,0,0%,1
dxy how is it calculated,2,0,0%,10
why does the dollar value rise when the kospi falls,2,0,0%,1.5
is tnx an index,2,0,0%,7
청학주공 7단지 703-2002,2,0,0%,4
"what makes an investment grow faster annual compounding or ,monthly compounding",2,0,0%,5
what is tnx index,2,1,50%,6.5
etf 에서 cagr 올리는 전략,1,0,0%,7
eur 2s10s how to read it,1,0,0%,4
is tnx a proxy for cash?,1,0,0%,7
is dollar-cost averaging suitable for big market declines?,1,0,0%,2
cagr etf,1,0,0%,5
"yearly compound investment, does it mean investing monthly is useless?",1,0,0%,6
definition of etf cagr meaning,1,0,0%,3
tnx index,1,0,0%,8
what does tnx stand for in the stock market,1,0,0%,4
연이율의 월복리,1,0,0%,5
headwind on dxy meaning,1,0,0%,8
생애최초 dsr 계산,1,0,0%,8
how is koreas exchange rate verses the dollar good or bad,1,0,0%,6
tnx what it means?,1,0,0%,1
s&p korea vs kospi,1,0,0%,7
dxy menaing,1,0,0%,9
oil-price transmission insurance shipping risk opec limited,1,0,0%,6
7% investmet return annually is plausible,1,0,0%,3
the difference between dollar-cost averaging and price comparison,1,0,0%,8
how to understand the dxy,1,0,0%,9
difference between 12 annually vs 1 percent monthtly,1,0,0%,7
can you calculate cagr from list of simple returns,1,0,0%,7
semiconductor etf dollar-cost averaging price,1,0,0%,4
what has been happening to the chinese 2s10s term premium,1,0,0%,6
dxy index meaing,1,0,0%,10
how much money should i invest each time for regular investment?,1,0,0%,7
how much should ordinary people invest monthly through regular investment and what are the returns?,1,0,0%,5
compound annual formula vs compound monthly,1,0,0%,3
and what is tnx,1,0,0%,5
금리가 오르면 물가,1,0,0%,10
meaning of breakevens rising as nominal rates rise,1,0,0%,8
what does dxy represent,1,0,0%,9
how to calculate the monthly investment amount for automatic investment plans for beginners,1,0,0%,4
what is cgar meaning for etf,1,0,0%,4
finance 3 pillars,1,0,0%,1
finmap analysis,1,0,0%,8
dca portfolio example monthly contributions normal market bear market,1,0,0%,1
실질금리 인플레이션 기대 bei tips 2026,1,0,0%,4
the difference between 5% and 3% compound interest over 30 years,1,0,0%,2
us stock bear market dollar-cost averaging frequency strategy,1,0,0%,5
what is the math for monthly compound interest vs anually,1,0,0%,10
does interest rate stress up and down is the same change value of assets,1,0,0%,8
three financial planning,1,0,0%,10
usd krw exchange rate today korean exporters impact,1,0,0%,4
인천아파트 구매 dsr,1,0,0%,5
is the 7% average return on the s & p 500 too low as a caluculation now,1,0,0%,1
is dollar-cost averaging suitable for buying when the stock market is falling?,1,0,0%,2
whats dxy,1,0,0%,8
is the korean stock market an indicator for north ammerica,1,0,0%,2
which strategy has smaller drawdown after a stock price crash?,1,0,0%,4
how much can you invest in us stocks with a monthly dollar-cost averaging strategy?,1,0,0%,9
what does dxy stand for?,1,0,0%,10
how much should i invest monthly with a salary of 4000 yuan?,1,0,0%,5
seoul median apt price,1,0,0%,6
does tnx follow yield or price,1,0,0%,4
how to tll if an interest rate is monthly compounding or annual compounding,1,0,0%,9
breakeven yield + real yield,1,0,0%,8
krw 100m,1,0,0%,10
policy rates versus interest rates,1,0,0%,9
"explain inflation, interest rates lever and stock market prices in order to understand it better",1,0,0%,5
송내주공4단지,1,0,0%,9
서울 집값 랭킹,1,0,0%,2
should you continue with dollar-cost averaging during a market downturn?,1,0,0%,6
물가가 상승하면 금리는 인하된는가 ㅓ상승되는가,1,0,0%,7
won vs kospi,1,0,0%,3
"exporters may benefit from a weaker krw, but foreign investors face translation risk.",1,1,100%,1
is it worth continuing with dollar-cost averaging?,1,0,0%,8
7 percent a year,1,0,0%,5
what is dollar index means,1,0,0%,9
how to control drawdowns and stay committed to long-term dollar-cost averaging,1,0,0%,4
11년 60%수익률이라면 연평균 수익률은,1,0,0%,4
마용강 아파트 가격,1,0,0%,10
금리를 언제마다 변경하나? 흐름,1,0,0%,10
dxy definition,1,0,0%,6
what can't i find cagr for any etfs,1,0,0%,4
what does dxy stand for in finance,1,0,0%,7
tnx fx,1,0,0%,2
what is the differencer between a monthly compound and a annual compound interest?,1,0,0%,5
2026 may bank of korea rate decision won dollar kospi market impact,1,0,0%,9
gof i have a 95th percentile 3 year growth return of -7.8% annaulised what is this firgure unannualised,1,0,0%,8
은퇴자금 계산기,1,0,0%,10
dxy fundamentals,1,0,0%,9
tnx markup,1,0,0%,6
nominal yield = real yield + breakeven,1,0,0%,10
what does dxy measure,1,0,0%,9
yield curve inversion 2s10s vs 3m10y structural break regime change feds notes,1,0,0%,1
cheapest apartment in gangnam-gu for sale,1,0,0%,10
step up vai dca,1,0,0%,1
how much should i invest monthly starting at age 26?,1,0,0%,3
what does tnx mean,1,0,0%,9
cagr란 무엇인가,1,0,0%,5
ltv dsr 계산기,1,0,0%,7
why is usdkrw correlated with kospi,1,1,100%,7
what is the influence of global crises on kospi,1,0,0%,3
stock dxy meaning,1,0,0%,9
how much should i invest monthly in the sci50 etf?,1,0,0%,6
단리를 쓰는 이유,1,0,0%,6
dca calculator for major etfs and indexes,1,0,0%,2
pillars emergency fund savings spending,1,0,0%,1
how much money should beginners typically invest for regular contributions?,1,0,0%,8
cagr 계산법,1,0,0%,10
cboe 10 year treasury yield index explained,1,0,0%,6
how much should i invest in a long-term regular investment plan?,1,0,0%,1
growth at 7%,1,0,0%,9
why is compounding interest monthly better than annually,1,0,0%,9
which is better interest compounded yearly or monthly,1,0,0%,7
krw usd exchange rate effect on korean tech stocks 036570 international investment 2026,1,0,0%,8
what is the difference between compounding annually and monthly,1,0,0%,6
freight insurance operational risk premia view favorable,1,0,0%,1
dxy dollar index meaning,1,0,0%,8
how does this model perform in a bear market?,1,0,0%,1
송파 아파트 순위,1,0,0%,3
물가 금리올려야하는 이유,1,0,0%,7
송파 집값,1,0,0%,4
will the smile curve of market crash dollar-cost averaging still work?,1,0,0%,6
tnx at 4.5 meaning,1,0,0%,2
그러면 어디에 영향을 줄까요? 인플레이션에 영향을주고 금리를 올리게 됩니다 이게 금요일 주가가 빠진 이,1,0,0%,6
what is the tnx,1,0,0%,3
how much should i invest monthly in a-share index funds?,1,0,0%,3
how do you interpret economic indicators,1,0,0%,10
is compound interest monthly or yearly which is better,1,0,0%,9
마곡역 아파트,1,0,0%,10
what does tnx index show,1,0,0%,1
which is better interest compounded yearly or monthly with examples,1,0,0%,6
etf dca,1,0,0%,10
should you continue dollar-cost averaging or cut your losses when a bond fund is losing money?,1,0,0%,2
"what is the difference between the 10y nominal, real and breakeven rates? bloomberg. what is this telling us?",1,0,0%,4
물가가 금리인가요?,1,0,0%,4
can you calucate dxy for a individaul,1,0,0%,8
tnx meaning,1,0,0%,6
should you do monthly or annual compounding in calculation,1,0,0%,8
the difference in returns between monthly and annual compound interest,1,0,0%,4
후 조기 은퇴 가능#N##N##N##N#?? 특,1,0,0%,8
how is dxy calculated,1,0,0%,9
"how much should i invest monthly for a 100,000 yuan bottom-up fund?",1,0,0%,3
should you manually add to your position after a loss in a dollar-cost averaging strategy?,1,0,0%,9
does higher dxy mean stronger or weaker dollar,1,0,0%,7
cagr vs simple returns,1,0,0%,4
most important assumptions when calculating cagr,1,0,0%,6
is it reasonable to make monthly usd 4500 fixed investment in us stocks?,1,0,0%,5
how much should be invested in automatic investment plans each month?,1,0,0%,4
what to do when dollar-cost averaging meets a bear market,1,0,0%,1
does dollar-cost averaging start to show price advantages after a stock market crash?,1,0,0%,2
bear put option dollar-cost averaging strategy,1,0,0%,3
이번에 금리인상 안 하면 물가는 더욱 더 폭등한다.,1,0,0%,10
in a bear market do you keep dca in etf?,1,0,0%,8
“$1m 만들려면 월 얼마가 더 필요한지,1,0,0%,1
does us market align with kospu,1,0,0%,5
the difference between bottom fishing and dollar-cost averaging,1,0,0%,1
연봉 8500만원의 dsr 40% 적용시 최대 대출금액은 얼마야?,1,0,0%,10
8. 금리 (interest rate)#N##N#돈의 가격입니다. 금리가 오르면 시중에 풀린 돈이 은행으로 들어가기 때문에 보통 주식이나 코인 같은 투자 자산은 힘을 못 쓰는 경우가 많습니다.#N##N##N##N#9. 조정,1,0,0%,4
달빛 2단지 부영,1,0,0%,5
dxy what is it,1,0,0%,9
. 물가가 오르는 속도보다 금리 인상 속도가 뒤처진 것입니다.,1,0,0%,5
is 7% cagr quite good?,1,0,0%,3
legalclarity.org dollar cost averaging in a bear market,1,0,0%,2
dca etf simulator,1,1,100%,1
modeling fire income taxes,1,0,0%,3
what is freight premia,1,0,0%,5
monthly $500 investment strategy for 20 years,1,0,0%,8
7% cagr,1,0,0%,3
historical volatility patterns of s&p 500 and kospi following past u.s. and south korea interest rate announcements,1,0,0%,5
what id dxy,1,0,0%,5
"kospi and s&p 500 daily volatility, trading volume spikes, and sectoral leadership trends q2 2026",1,0,0%,4
how is cagr different than sply,1,0,0%,6
what is dxy index in stocks,1,0,0%,6
금리까지 함께 상승하는 구조다,1,0,0%,7
compounding annually vs monthly,1,0,0%,6
difference between compound annual interest and monthly,1,0,0%,8
how do financial markets react to surprise inflation data?,1,0,0%,1
2s10s macro micro,1,0,0%,10
seven year return meaning,1,0,0%,3
difference between real yields and brekaevenes,1,0,0%,3
dxy how it works,1,0,0%,7
"**real yields vs. breakevens** ? decomposition of nominal yield into real yield and inflation compensation ? a surge in real yields would signal higher growth expectations, not just inflation.",1,0,0%,7
seoul apartment market map,1,0,0%,2
주말에 환율이 움직이는 이유,1,0,0%,7
is compounded monthly or annually or quarterly better for the most possible interest,1,0,0%,6
is monthly compounding better than annual,1,0,0%,4
finmap walmer,1,0,0%,9
is real rate + breakeven = nominal yield?,1,0,0%,2
geoplotics on the usd,1,0,0%,7
simple explanation of dxy,1,0,0%,2
is a 7% return on investments realistic,1,0,0%,4
real yields and breakevens,1,0,0%,3
what does 7% annual pref return,1,0,0%,7
dca복리시뮬레이션,1,0,0%,3
"what is tnx""""",1,0,0%,1
krw 200m,1,0,0%,8
cagr 펀드,1,1,100%,8
what does kospi higher mean for krw,1,0,0%,6
is krw risk on or off currency,1,0,0%,7
jamsil songpa-gu real estate,1,0,0%,6
breakeven inflation broadly stable real yields started decline,1,0,0%,4
dxy signfiicane,1,0,0%,9
exposure to south korea in 2&p 500,1,0,0%,10
dxy stands for,1,0,0%,7
what is mean by tnx,1,0,0%,7
monthly vs annual compount,1,0,0%,10
should i continue dollar-cost averaging in a bear market or stop?,1,0,0%,1
how to read 2s10s curve,1,0,0%,6
compounded annually  vs compounded monthly,1,0,0%,10
옥빛 15단지 주공,1,0,0%,5
금리기간구조 irc,1,0,0%,8
what would krw rising mean for the usd,1,0,0%,10
monthly compounding vs annual compounding,1,0,0%,10
글로벌 시장 미국 금리 영향 코스피,1,0,0%,2
2s10s yield curve steepness,1,0,0%,6
should you pause dollar-cost averaging when the market is overvalued?,1,0,0%,2
"how long can an index fund dollar-cost averaging investment of 460,000 withstand a decline?",1,0,0%,2
what is dxy in finance,1,0,0%,5
how much should i set as the investment amount for the shanghai-hong kong 300 index fund regular investment?,1,0,0%,10
tnx loans meaning,1,0,0%,9
how much should i invest monthly for long-term regular contributions?,1,0,0%,4
yield curve 2s10s un-inverted after recession signal 2024 2025 steepening meaning,1,0,0%,8
is inflation rising which is making the krw decrease,1,0,0%,8
what does dxy stand fopr on the dollor index,1,0,0%,10
what does 4.5% tnx mean for investing,1,0,0%,4
pillars emergency fund sabings spending,1,0,0%,1
tnx what means,1,0,0%,3
"how much to invest each month to save 100,000 for my child",1,0,0%,3
meaning if market cagr is 7%,1,0,0%,2
why monthly compounding is better than same api anuel compounding,1,0,0%,8
should you continue with dollar-cost averaging when the market is falling?,1,0,0%,1
usd/krw trend relates to us inflation?,1,0,0%,10
"how much should i invest monthly for a salary of 5,500 yuan?",1,0,0%,8
금리가 하향 안정화되려면 물가 상승이 통제돼야 한다. 즉 호르무즈해협 문제가 해결돼 유가가 내려야 금리도 낮아지는 것이다. 호르무즈해협 갈등이 봉합되,1,0,0%,5
which is better for the nasdaq 100: dca or lump sum?,1,0,0%,4
what does a rise in the dollar index mean,1,0,0%,6
how does tnx correlate with stock market,1,0,0%,1
gof i have a 95th percentile 3 year growth return of annualized what is this firgure unannualised,1,0,0%,6
monthly compound vs annual compound,1,0,0%,7
dollar cost averaging through bear market nasdaq historical performance stop vs continue 2000 2008,1,0,0%,6
how often should i invest for a regular investment plan?,1,0,0%,8
물가가 오르면 금리가 오르는 이유,1,0,0%,8
is breakeven the same as real rate?,1,0,0%,4
https://finmap.host/,1,0,0%,3
송파구 집값,1,0,0%,6
if your shoprt usd krw do you want krw deperciation,1,0,0%,7
how know cagr for etfs,1,1,100%,1
what does the dxy entail?,1,0,0%,9
sequence of.retuens for the first five years,1,0,0%,8
cagr 미래 반영,1,0,0%,9
what is tnx?,1,0,0%,6
dca복리시뮬레이터,1,0,0%,4
compounded annually vs monthly,1,0,0%,10
why hard stop dca,1,0,0%,9
do i add real yield and breakeven inflation,1,0,0%,9
is tnx traaadable on the stock market,1,0,0%,10
is investing 50 yuan monthly for my son's future undergraduate studies in hong kong and macau after 9 years enough?,1,0,0%,10
is gdp more detailed than pmi,1,0,0%,7
what does 4.5% tnx mean foe investing,1,0,0%,2
how much can you lose with bear market dollar-cost averaging?,1,0,0%,1
monthly compounding vs anually,1,0,0%,10
waht is dxy,1,0,0%,8
should i do regular monthly contributions for my stock portfolio or buy all at once?,1,0,0%,7
what is .tnx.co.nz,1,0,0%,6
the 3 pillars of financial investing,1,0,0%,8
"what is the dxy"" in financial circles""",1,0,0%,8
comparison of one-time sale vs. batch sale returns in automatic investment plan,1,0,0%,9
2s10s curve,1,0,0%,10
can dollar-cost averaging reduce holding costs when investing in value stocks that have fallen after a high point?,1,0,0%,2
2018 apartment sale in korea,1,0,0%,5
dca simulaor,1,0,0%,3
how long should you typically hold onto a dollar-cost averaging portfolio before it has declined by -60%?,1,0,0%,1
is monthly or annual compounding better,1,0,0%,7
what is cagr in etf performance,1,0,0%,4
dxy dollar explained,1,0,0%,7
how does the usd perform in japan and korea?  is the exchange rate favorable or unfavorable?,1,0,0%,7
what oes 7 percent return mean on money,1,0,0%,1
stnx 10 year,1,0,0%,7
fire assumption itinerary,1,0,0%,1
do investment statements typically show simple average or cagr,1,0,0%,6
what is the difference between real yields and breakevens,1,0,0%,6
how much more profit does bear market dollar-cost averaging make compared to bull market?,1,0,0%,2
sharpe ratio and mdd relationship,1,0,0%,9
how much shoudl i invest per month to get 2l from teh second year of investment,1,0,0%,4
how to tell if an interest rate is monthly compounding vs annual compounding,1,0,0%,6
2s10s spread vs 3m10y,1,0,0%,1
analysis settings and assumptions#N##N#analysis description#N##N##N##N#tax and inflation assumptions#N##N##N##N#edit#N##N#next#N##N#participants & entities: 4 participants & 0 entities#N##N#expectations and concerns#N##N#estate documents#N##N#disclosures and glossary projected,1,0,0%,10
is compound interest monthly bigger than annually,1,0,0%,7
5 year window triggering failed retirement,1,0,0%,5
what causes the tnx index to move,1,0,0%,1
7% cagr meaning,1,0,0%,2
tnx index definition,1,0,0%,3
what is the difference between a annual compounding and monthly compound interest,1,0,0%,9
slope_2s10s ?  curve shape ? flags recession  /  policy regimes (10 year yield curve ? 2year yield curve,1,0,0%,10
what does a cagr of 7% mean about a financial service,1,0,0%,4
how is the dxy index calculated?,1,0,0%,7
"if i'm estimating growth in an investment account, do i use monthly compound or annual?",1,0,0%,3
what should inflation assumption be set to for fi calc,1,0,0%,6
exposure to south korea in s&p 500,1,0,0%,4
금리 인상 시그널에 시장금리도 빠르게 오르고 있는데요,1,0,0%,7
is the current market suitable for dollar-cost averaging?,1,0,0%,6
is it helpful to look at cagr in different time periods,1,0,0%,10
can you deduce the year tnx was established,1,0,0%,6
what does dxy represent for,1,0,0%,10
difference between annual and monthly compounding,1,0,0%,5
why does kospi go down when usd go up,1,0,0%,3
liquidity crisis asset allocation strategy usd strength everything selloff historical precedent,1,0,0%,6
how much should i invest in fixed income regular investment each month?,1,0,0%,6
what market conditions are most suitable for dollar-cost averaging?,1,0,0%,5
how do rates react to rising inflation?,1,0,0%,8
should you continue with dollar-cost averaging or pause during a downturn?,1,0,0%,8
tnx market,1,0,0%,7
"02450560996"" partita iva""",1,0,0%,3
tnx amount,1,0,0%,9
is gdp or pmi more detailed,1,0,0%,5
how does kospi react to major economic policies?,1,0,0%,2
dxy index what is it,1,0,0%,10
is a 7% annualized compound return over the next decade for low-volatility assets conservative?,1,0,0%,7
연평균 수익률 계산기,1,0,0%,7
근데 증권사 대출금리가 기간이 짧을수록 더 내려가는건 이유가 뭐야?#N##N##N##N##N##N##N##N#gemini의 응답,1,0,0%,4
krw weakens,1,0,0%,9
tnx meaning in finance,1,0,0%,2
is it still worth dollar-cost averaging when tech stocks are falling?,1,0,0%,1
"monthly investment amount for families with monthly income of 10,000 yuan with moderate risk preference",1,0,0%,10
is the korea stock market an indicator for north america,1,0,0%,6
can interest compound 6% per annum on a monthly basis? would that be more interest than 6% per annum on a yearly basis,1,0,0%,8
what is cagr in etf,1,0,0%,6
what is the difference between monthy and yearly compounding interest,1,0,0%,9
what happens to stocks when dxy expands,1,0,0%,1
서울시 아파트 랭킹 순위,1,0,0%,5
maximum loss calculation for low-volatility etf bear market dollar-cost averaging,1,0,0%,9
middle east oil insurance and how it works,1,0,0%,1
미국 명목 이자율 기대인플레이션 실질금리,1,0,0%,4
물가가 오르면 왜 금리 인상을 하는가?,1,0,0%,8
아파트 가격대 필요한 금액,1,1,100%,2
dca 시뮬레이션,1,1,100%,4
how much monthly surplus is suitable for leverage addition,1,0,0%,4
복리 단리 공식,1,0,0%,6
how dxy calculated,1,0,0%,9
dollar index explained for dummies,1,0,0%,5
금리가 하락하면 물가가 오르나요,1,0,0%,8
서울강남 아파트값,1,0,0%,7
why is cagr more useful than simple percentage interest,1,0,0%,6
what are breakevens vs real yields,1,0,0%,3
what is tnx.co.nz,1,0,0%,6
how much should you invest monthly to let compound interest snowball?,1,0,0%,4
gs타임즈 호매실동,1,0,0%,9
korea market vs sp500,1,0,0%,5
how does interest rates affect kospi?,1,0,0%,2
금리의 개념을 정확히 설명해 봐,1,0,0%,10
dca추가 진입가가 뭐야?,1,0,0%,9
what does a 7% cagr mean,1,0,0%,2
"why when tnx is down , t-bonds are up",1,0,0%,3
환율이 움직이는 원인,1,0,0%,7
usdkrw and kospi correlation,1,0,0%,6
korea real estate transaction map,1,0,0%,5
why etf korea usd performing so well?,1,0,0%,8
interpretaci?n cagr volatilidad drawdown sharpe ratio perfil moderado,1,0,0%,6
how kospi strength became krw weakness,1,0,0%,10
kospi usd/krw,1,0,0%,8
how much should i invest monthly in a broad index fund for regular investing?,1,0,0%,7
tnx add,1,0,0%,8
etf auf tnx,1,0,0%,2
monthly vs yearly compounding interest,1,0,0%,7
what does dxy stand for,1,0,0%,7
what is the threshold interest rate,1,0,0%,6
difference between monthly and yearly compounding interest,1,0,0%,9
is it suitable to continue dollar-cost averaging after fund losses?,1,0,0%,4
which is better compounded interest annually or compounded monthly,1,0,0%,7
is it appropriate to start dollar-cost averaging when the valuation is at its low point?,1,0,0%,7
yield curve 2s10s 3m10y decoupling divergence 2016 post-crisis term premium feds notes federal reserve,1,0,0%,6
what does the tnx yeild nean if it goes up,1,0,0%,2
how to interpret dxy,1,0,0%,10
주원마을2단지 202동,1,0,0%,5
is the 7% rate of return outdated?,1,0,0%,6
tnx is 10 year what is 30 year,1,0,0%,8
what is the appropriate amount to invest each time for regular investing?,1,0,0%,6
yield curve inversion 3-month 10-year 2s10s vix recession logit auroc prediction federal reserve feds note,1,0,0%,5
which is better for dollar-cost averaging: in-market or out-of-market?,1,0,0%,9
interest compounding annually v. monthly,1,0,0%,10
how much should the principal amount reach before starting to invest?,1,0,0%,6
수익 cagr,1,0,0%,7
dxy index how it work,1,0,0%,7
is tnx a good index,1,0,0%,6
does interest rate stress up and down is the same change value of assetsnitude of change,1,0,0%,7
how to read .tnx quote,1,1,100%,2
5ga investment amount,1,0,0%,4
how does the 10 year treasury corelate with to the stock market,1,0,0%,6
채권금리 구조 기준금리,1,0,0%,4
dca calculator etf,1,0,0%,7
what dxy?,1,0,0%,10
dca failure,1,0,0%,1
us dollar index dxy definition,1,0,0%,9
how did usd/krw implied volatility change before kospi market reversals during fed rate hikes or bok policy shifts from 2020 to 2025,1,0,0%,6
is the cagr higher or lower then the simple rate,1,0,0%,10
etf cagr,1,0,0%,8
is it not worth it to hold automatic investment plans that are rising monthly?,1,0,0%,10
real rates and breakeven macro matrix,1,1,100%,2
일평균 수익률이 0.15%이면 연평균 수익률은?,1,0,0%,9
the meaning of investment amounts in the range of 1m to 2m,1,0,0%,10
that war-related headlines are making less of a dent on risk appetite,1,0,0%,1
nasdaq 100 2022 bear market drawdown duration recovery dca dollar cost averaging,1,0,0%,7
"적립식 투자(dca) 시뮬레이터#N##N#폭락장이 왔을 때, 꾸준히 매수하는 것이 얼마나 강력한 무기가 되는지 직관적으로 확인하실 수 있는 시뮬레이터를 준비했습니다. 하락폭이 깊을수록 훗날 회복장에 접어들었을 때 계좌가 얼마나 폭발적으로 상승하는지 직접 확인해 보세요.",1,0,0%,3
montly versus annual compounding,1,0,0%,9
7% is an amazing return for an investment,1,0,0%,7
tnx yield,1,0,0%,8
futuro  tnx,1,0,0%,8
how much should i allocate monthly for my automatic investment plan?,1,0,0%,1
us dollar index meaning,1,0,0%,28
compound interest annually vs monthly,1,0,0%,8
이더리움 은퇴계산기,1,0,0%,6
what's tnx,1,0,0%,3
impact of us stock market crash on dollar-cost averaging strategy for nasdaq,1,0,0%,8
how much should i invest in nasdaq composite each month for regular investing?,1,0,0%,4
usd/krw exchange rate may 1 2026 kospi drop reason south korea industrial 증권사 리포트 목표가 투자의견,1,0,0%,4
the difference between financial dsr and dsr,1,0,0%,4
reasons behind south korean etf dark market surge,1,0,0%,7
what s means in 2s10s,1,0,0%,9
why etf over 3 years shows higher percentage compared to 5 years,1,0,0%,1
what is 10-year treasury yield (^tnx),1,0,0%,5
구분#TAB#연평균 수익률#TAB#총 납입 원금#TAB#30년 뒤 예상 최종 자산#TAB#순수익#N##N#보수적 전망#N##N##N##N##N##N#(물가상승률 반영 실질수익률)#N##N##N##N#6%#TAB#1.8억 원,1,0,0%,1
송파구 내 집값순위,1,0,0%,1
dxy explanation,1,0,0%,5
should i increase my dollar-cost averaging if the market drops by more than one percent in a day?,1,0,0%,8
dca simluator,1,0,0%,3
how to get my dca to not effect a main stream,1,0,0%,6
rule based dca,1,0,0%,3
profit rules of automatic investment plan in bear market conditions,1,0,0%,10
s&p 500 korean explanation,1,0,0%,6
how much should i invest monthly in the tech etf?,1,0,0%,7
songpa-gu apartment average price forecast 2025 2026,1,0,0%,5
마용성 집값,1,0,0%,3
서울집값상위순위,1,0,0%,2
what markets are related to the dxy,1,0,0%,7
can stop-loss orders be used when dollar-cost averaging encounters a downturn?,1,0,0%,2
"monthly surplus of 50,000 yuan - recommended amount for monthly investment",1,0,0%,10
cagr가 무엇인가욧,1,0,0%,4
"in markets, what is dxy",1,0,0%,9
2s10s,1,0,0%,8
cagr meaning for etfs,1,0,0%,4
how much should you earn each month to afford investing in funds?,1,0,0%,3
tnx_yield,1,0,0%,9
how much should ordinary investors allocate monthly for a regular investment in the shanghai-hong kong 300 index fund?,1,0,0%,5
